"technique_id","technique_name","aspect","animation_id","duration_ms","hit_frame_ms","sfx_key","caster_motion","projectile_or_field","target_impact","color_primary","color_secondary"
"TC001","Ember Snap","ember","anim_tc001_ember_strike_arc","537","191","sfx_tc001_ember_strike_arc","brace","aura_ring","shake","#F05A28","#FFD43B"
"TC002","Tide Surge","tide","anim_tc002_tide_pulse_surge","554","202","sfx_tc002_tide_pulse_surge","float","ground_wave","ring_pop","#2F9EEA","#A7E8FF"
"TC003","Verdance Veil","verdance","anim_tc003_verdance_guard_spiral","571","213","sfx_tc003_verdance_guard_spiral","spin","screen_layer","scatter","#43A047","#B7E27D"
"TC004","Stone Spiral","stone","anim_tc004_stone_field_burst","588","224","sfx_tc004_stone_field_burst","step","particle_cone","pull","#8A7D66","#D0C0A0"
"TC005","Gale Crown","gale","anim_tc005_gale_bind_rain","605","235","sfx_tc005_gale_bind_rain","rear","orbit","cleanse","#87CDEB","#FFFFFF"
"TC006","Spark Pulse","spark","anim_tc006_spark_recovery_lash","622","246","sfx_tc006_spark_recovery_lash","lunge","projectile","flash","#FFD43B","#FFFFFF"
"TC007","Frost Fang","frost","anim_tc007_frost_strike_ring","639","257","sfx_tc007_frost_strike_ring","brace","aura_ring","shake","#A7E8FF","#FFFFFF"
"TC008","Metal Bloom","metal","anim_tc008_metal_pulse_wave","656","268","sfx_tc008_metal_pulse_wave","float","ground_wave","ring_pop","#A6A9B6","#E2E5EF"
"TC009","Shade Ward","shade","anim_tc009_shade_guard_slash","673","279","sfx_tc009_shade_guard_slash","spin","screen_layer","scatter","#5D3F7A","#0C0D12"
"TC010","Radiant Lance","radiant","anim_tc010_radiant_field_flare","690","290","sfx_tc010_radiant_field_flare","step","particle_cone","pull","#FFD97A","#FFFFFF"
"TC011","Mind Step","mind","anim_tc011_mind_bind_quake","707","301","sfx_tc011_mind_bind_quake","rear","orbit","cleanse","#C071D8","#F0B6FF"
"TC012","Echo Howl","echo","anim_tc012_echo_recovery_beam","724","312","sfx_tc012_echo_recovery_beam","lunge","projectile","flash","#55D6C2","#FFFFFF"
"TC013","Ember Guard","ember","anim_tc013_ember_strike_ripple","741","323","sfx_tc013_ember_strike_ripple","brace","aura_ring","shake","#F05A28","#FFD43B"
"TC014","Tide Crash","tide","anim_tc014_tide_pulse_shard","758","334","sfx_tc014_tide_pulse_shard","float","ground_wave","ring_pop","#2F9EEA","#A7E8FF"
"TC015","Verdance Thread","verdance","anim_tc015_verdance_guard_chain","775","345","sfx_tc015_verdance_guard_chain","spin","screen_layer","scatter","#43A047","#B7E27D"
"TC016","Stone Field","stone","anim_tc016_stone_field_veil","792","356","sfx_tc016_stone_field_veil","step","particle_cone","pull","#8A7D66","#D0C0A0"
"TC017","Gale Mark","gale","anim_tc017_gale_bind_arc","809","367","sfx_tc017_gale_bind_arc","rear","orbit","cleanse","#87CDEB","#FFFFFF"
"TC018","Spark Rush","spark","anim_tc018_spark_recovery_surge","826","378","sfx_tc018_spark_recovery_surge","lunge","projectile","flash","#FFD43B","#FFFFFF"
"TC019","Frost Song","frost","anim_tc019_frost_strike_spiral","843","389","sfx_tc019_frost_strike_spiral","brace","aura_ring","shake","#A7E8FF","#FFFFFF"
"TC020","Metal Blade","metal","anim_tc020_metal_pulse_burst","860","400","sfx_tc020_metal_pulse_burst","float","ground_wave","ring_pop","#A6A9B6","#E2E5EF"
"TC021","Shade Nova","shade","anim_tc021_shade_guard_rain","877","411","sfx_tc021_shade_guard_rain","spin","screen_layer","scatter","#5D3F7A","#0C0D12"
"TC022","Radiant Rift","radiant","anim_tc022_radiant_field_lash","894","422","sfx_tc022_radiant_field_lash","step","particle_cone","pull","#FFD97A","#FFFFFF"
"TC023","Mind Comet","mind","anim_tc023_mind_bind_ring","911","433","sfx_tc023_mind_bind_ring","rear","orbit","cleanse","#C071D8","#F0B6FF"
"TC024","Echo Bind","echo","anim_tc024_echo_recovery_wave","928","444","sfx_tc024_echo_recovery_wave","lunge","projectile","flash","#55D6C2","#FFFFFF"
"TC025","Ember Mirror","ember","anim_tc025_ember_strike_slash","945","455","sfx_tc025_ember_strike_slash","brace","aura_ring","shake","#F05A28","#FFD43B"
"TC026","Tide Drift","tide","anim_tc026_tide_pulse_flare","962","466","sfx_tc026_tide_pulse_flare","float","ground_wave","ring_pop","#2F9EEA","#A7E8FF"
"TC027","Verdance Aegis","verdance","anim_tc027_verdance_guard_quake","979","477","sfx_tc027_verdance_guard_quake","spin","screen_layer","scatter","#43A047","#B7E27D"
"TC028","Stone Burst","stone","anim_tc028_stone_field_beam","996","488","sfx_tc028_stone_field_beam","step","particle_cone","pull","#8A7D66","#D0C0A0"
"TC029","Gale Orbit","gale","anim_tc029_gale_bind_ripple","1013","499","sfx_tc029_gale_bind_ripple","rear","orbit","cleanse","#87CDEB","#FFFFFF"
"TC030","Spark Needle","spark","anim_tc030_spark_recovery_shard","1030","510","sfx_tc030_spark_recovery_shard","lunge","projectile","flash","#FFD43B","#FFFFFF"
"TC031","Frost Snap","frost","anim_tc031_frost_strike_chain","527","521","sfx_tc031_frost_strike_chain","brace","aura_ring","shake","#A7E8FF","#FFFFFF"
"TC032","Metal Surge","metal","anim_tc032_metal_pulse_veil","544","532","sfx_tc032_metal_pulse_veil","float","ground_wave","ring_pop","#A6A9B6","#E2E5EF"
"TC033","Shade Veil","shade","anim_tc033_shade_guard_arc","561","543","sfx_tc033_shade_guard_arc","spin","screen_layer","scatter","#5D3F7A","#0C0D12"
"TC034","Radiant Spiral","radiant","anim_tc034_radiant_field_surge","578","554","sfx_tc034_radiant_field_surge","step","particle_cone","pull","#FFD97A","#FFFFFF"
"TC035","Mind Crown","mind","anim_tc035_mind_bind_spiral","595","565","sfx_tc035_mind_bind_spiral","rear","orbit","cleanse","#C071D8","#F0B6FF"
"TC036","Echo Pulse","echo","anim_tc036_echo_recovery_burst","612","576","sfx_tc036_echo_recovery_burst","lunge","projectile","flash","#55D6C2","#FFFFFF"
"TC037","Ember Fang","ember","anim_tc037_ember_strike_rain","629","587","sfx_tc037_ember_strike_rain","brace","aura_ring","shake","#F05A28","#FFD43B"
"TC038","Tide Bloom","tide","anim_tc038_tide_pulse_lash","646","598","sfx_tc038_tide_pulse_lash","float","ground_wave","ring_pop","#2F9EEA","#A7E8FF"
"TC039","Verdance Ward","verdance","anim_tc039_verdance_guard_ring","663","189","sfx_tc039_verdance_guard_ring","spin","screen_layer","scatter","#43A047","#B7E27D"
"TC040","Stone Lance","stone","anim_tc040_stone_field_wave","680","200","sfx_tc040_stone_field_wave","step","particle_cone","pull","#8A7D66","#D0C0A0"
"TC041","Gale Step","gale","anim_tc041_gale_bind_slash","697","211","sfx_tc041_gale_bind_slash","rear","orbit","cleanse","#87CDEB","#FFFFFF"
"TC042","Spark Howl","spark","anim_tc042_spark_recovery_flare","714","222","sfx_tc042_spark_recovery_flare","lunge","projectile","flash","#FFD43B","#FFFFFF"
"TC043","Frost Guard","frost","anim_tc043_frost_strike_quake","731","233","sfx_tc043_frost_strike_quake","brace","aura_ring","shake","#A7E8FF","#FFFFFF"
"TC044","Metal Crash","metal","anim_tc044_metal_pulse_beam","748","244","sfx_tc044_metal_pulse_beam","float","ground_wave","ring_pop","#A6A9B6","#E2E5EF"
"TC045","Shade Thread","shade","anim_tc045_shade_guard_ripple","765","255","sfx_tc045_shade_guard_ripple","spin","screen_layer","scatter","#5D3F7A","#0C0D12"
"TC046","Radiant Field","radiant","anim_tc046_radiant_field_shard","782","266","sfx_tc046_radiant_field_shard","step","particle_cone","pull","#FFD97A","#FFFFFF"
"TC047","Mind Mark","mind","anim_tc047_mind_bind_chain","799","277","sfx_tc047_mind_bind_chain","rear","orbit","cleanse","#C071D8","#F0B6FF"
"TC048","Echo Rush","echo","anim_tc048_echo_recovery_veil","816","288","sfx_tc048_echo_recovery_veil","lunge","projectile","flash","#55D6C2","#FFFFFF"
"TC049","Ember Song","ember","anim_tc049_ember_strike_arc","833","299","sfx_tc049_ember_strike_arc","brace","aura_ring","shake","#F05A28","#FFD43B"
"TC050","Tide Blade","tide","anim_tc050_tide_pulse_surge","850","310","sfx_tc050_tide_pulse_surge","float","ground_wave","ring_pop","#2F9EEA","#A7E8FF"
"TC051","Verdance Nova","verdance","anim_tc051_verdance_guard_spiral","867","321","sfx_tc051_verdance_guard_spiral","spin","screen_layer","scatter","#43A047","#B7E27D"
"TC052","Stone Rift","stone","anim_tc052_stone_field_burst","884","332","sfx_tc052_stone_field_burst","step","particle_cone","pull","#8A7D66","#D0C0A0"
"TC053","Gale Comet","gale","anim_tc053_gale_bind_rain","901","343","sfx_tc053_gale_bind_rain","rear","orbit","cleanse","#87CDEB","#FFFFFF"
"TC054","Spark Bind","spark","anim_tc054_spark_recovery_lash","918","354","sfx_tc054_spark_recovery_lash","lunge","projectile","flash","#FFD43B","#FFFFFF"
"TC055","Frost Mirror","frost","anim_tc055_frost_strike_ring","935","365","sfx_tc055_frost_strike_ring","brace","aura_ring","shake","#A7E8FF","#FFFFFF"
"TC056","Metal Drift","metal","anim_tc056_metal_pulse_wave","952","376","sfx_tc056_metal_pulse_wave","float","ground_wave","ring_pop","#A6A9B6","#E2E5EF"
"TC057","Shade Aegis","shade","anim_tc057_shade_guard_slash","969","387","sfx_tc057_shade_guard_slash","spin","screen_layer","scatter","#5D3F7A","#0C0D12"
"TC058","Radiant Burst","radiant","anim_tc058_radiant_field_flare","986","398","sfx_tc058_radiant_field_flare","step","particle_cone","pull","#FFD97A","#FFFFFF"
"TC059","Mind Orbit","mind","anim_tc059_mind_bind_quake","1003","409","sfx_tc059_mind_bind_quake","rear","orbit","cleanse","#C071D8","#F0B6FF"
"TC060","Echo Needle","echo","anim_tc060_echo_recovery_beam","1020","420","sfx_tc060_echo_recovery_beam","lunge","projectile","flash","#55D6C2","#FFFFFF"
"TC061","Ember Snap","ember","anim_tc061_ember_strike_ripple","1037","431","sfx_tc061_ember_strike_ripple","brace","aura_ring","shake","#F05A28","#FFD43B"
"TC062","Tide Surge","tide","anim_tc062_tide_pulse_shard","534","442","sfx_tc062_tide_pulse_shard","float","ground_wave","ring_pop","#2F9EEA","#A7E8FF"
"TC063","Verdance Veil","verdance","anim_tc063_verdance_guard_chain","551","453","sfx_tc063_verdance_guard_chain","spin","screen_layer","scatter","#43A047","#B7E27D"
"TC064","Stone Spiral","stone","anim_tc064_stone_field_veil","568","464","sfx_tc064_stone_field_veil","step","particle_cone","pull","#8A7D66","#D0C0A0"
"TC065","Gale Crown","gale","anim_tc065_gale_bind_arc","585","475","sfx_tc065_gale_bind_arc","rear","orbit","cleanse","#87CDEB","#FFFFFF"
"TC066","Spark Pulse","spark","anim_tc066_spark_recovery_surge","602","486","sfx_tc066_spark_recovery_surge","lunge","projectile","flash","#FFD43B","#FFFFFF"
"TC067","Frost Fang","frost","anim_tc067_frost_strike_spiral","619","497","sfx_tc067_frost_strike_spiral","brace","aura_ring","shake","#A7E8FF","#FFFFFF"
"TC068","Metal Bloom","metal","anim_tc068_metal_pulse_burst","636","508","sfx_tc068_metal_pulse_burst","float","ground_wave","ring_pop","#A6A9B6","#E2E5EF"
"TC069","Shade Ward","shade","anim_tc069_shade_guard_rain","653","519","sfx_tc069_shade_guard_rain","spin","screen_layer","scatter","#5D3F7A","#0C0D12"
"TC070","Radiant Lance","radiant","anim_tc070_radiant_field_lash","670","530","sfx_tc070_radiant_field_lash","step","particle_cone","pull","#FFD97A","#FFFFFF"
"TC071","Mind Step","mind","anim_tc071_mind_bind_ring","687","541","sfx_tc071_mind_bind_ring","rear","orbit","cleanse","#C071D8","#F0B6FF"
"TC072","Echo Howl","echo","anim_tc072_echo_recovery_wave","704","552","sfx_tc072_echo_recovery_wave","lunge","projectile","flash","#55D6C2","#FFFFFF"
"TC073","Ember Guard","ember","anim_tc073_ember_strike_slash","721","563","sfx_tc073_ember_strike_slash","brace","aura_ring","shake","#F05A28","#FFD43B"
"TC074","Tide Crash","tide","anim_tc074_tide_pulse_flare","738","574","sfx_tc074_tide_pulse_flare","float","ground_wave","ring_pop","#2F9EEA","#A7E8FF"
"TC075","Verdance Thread","verdance","anim_tc075_verdance_guard_quake","755","585","sfx_tc075_verdance_guard_quake","spin","screen_layer","scatter","#43A047","#B7E27D"
"TC076","Stone Field","stone","anim_tc076_stone_field_beam","772","596","sfx_tc076_stone_field_beam","step","particle_cone","pull","#8A7D66","#D0C0A0"
"TC077","Gale Mark","gale","anim_tc077_gale_bind_ripple","789","187","sfx_tc077_gale_bind_ripple","rear","orbit","cleanse","#87CDEB","#FFFFFF"
"TC078","Spark Rush","spark","anim_tc078_spark_recovery_shard","806","198","sfx_tc078_spark_recovery_shard","lunge","projectile","flash","#FFD43B","#FFFFFF"
"TC079","Frost Song","frost","anim_tc079_frost_strike_chain","823","209","sfx_tc079_frost_strike_chain","brace","aura_ring","shake","#A7E8FF","#FFFFFF"
"TC080","Metal Blade","metal","anim_tc080_metal_pulse_veil","840","220","sfx_tc080_metal_pulse_veil","float","ground_wave","ring_pop","#A6A9B6","#E2E5EF"
"TC081","Shade Nova","shade","anim_tc081_shade_guard_arc","857","231","sfx_tc081_shade_guard_arc","spin","screen_layer","scatter","#5D3F7A","#0C0D12"
"TC082","Radiant Rift","radiant","anim_tc082_radiant_field_surge","874","242","sfx_tc082_radiant_field_surge","step","particle_cone","pull","#FFD97A","#FFFFFF"
"TC083","Mind Comet","mind","anim_tc083_mind_bind_spiral","891","253","sfx_tc083_mind_bind_spiral","rear","orbit","cleanse","#C071D8","#F0B6FF"
"TC084","Echo Bind","echo","anim_tc084_echo_recovery_burst","908","264","sfx_tc084_echo_recovery_burst","lunge","projectile","flash","#55D6C2","#FFFFFF"
"TC085","Ember Mirror","ember","anim_tc085_ember_strike_rain","925","275","sfx_tc085_ember_strike_rain","brace","aura_ring","shake","#F05A28","#FFD43B"
"TC086","Tide Drift","tide","anim_tc086_tide_pulse_lash","942","286","sfx_tc086_tide_pulse_lash","float","ground_wave","ring_pop","#2F9EEA","#A7E8FF"
"TC087","Verdance Aegis","verdance","anim_tc087_verdance_guard_ring","959","297","sfx_tc087_verdance_guard_ring","spin","screen_layer","scatter","#43A047","#B7E27D"
"TC088","Stone Burst","stone","anim_tc088_stone_field_wave","976","308","sfx_tc088_stone_field_wave","step","particle_cone","pull","#8A7D66","#D0C0A0"
"TC089","Gale Orbit","gale","anim_tc089_gale_bind_slash","993","319","sfx_tc089_gale_bind_slash","rear","orbit","cleanse","#87CDEB","#FFFFFF"
"TC090","Spark Needle","spark","anim_tc090_spark_recovery_flare","1010","330","sfx_tc090_spark_recovery_flare","lunge","projectile","flash","#FFD43B","#FFFFFF"
"TC091","Frost Snap","frost","anim_tc091_frost_strike_quake","1027","341","sfx_tc091_frost_strike_quake","brace","aura_ring","shake","#A7E8FF","#FFFFFF"
"TC092","Metal Surge","metal","anim_tc092_metal_pulse_beam","524","352","sfx_tc092_metal_pulse_beam","float","ground_wave","ring_pop","#A6A9B6","#E2E5EF"
"TC093","Shade Veil","shade","anim_tc093_shade_guard_ripple","541","363","sfx_tc093_shade_guard_ripple","spin","screen_layer","scatter","#5D3F7A","#0C0D12"
"TC094","Radiant Spiral","radiant","anim_tc094_radiant_field_shard","558","374","sfx_tc094_radiant_field_shard","step","particle_cone","pull","#FFD97A","#FFFFFF"
"TC095","Mind Crown","mind","anim_tc095_mind_bind_chain","575","385","sfx_tc095_mind_bind_chain","rear","orbit","cleanse","#C071D8","#F0B6FF"
"TC096","Echo Pulse","echo","anim_tc096_echo_recovery_veil","592","396","sfx_tc096_echo_recovery_veil","lunge","projectile","flash","#55D6C2","#FFFFFF"
"TC097","Ember Fang","ember","anim_tc097_ember_strike_arc","609","407","sfx_tc097_ember_strike_arc","brace","aura_ring","shake","#F05A28","#FFD43B"
"TC098","Tide Bloom","tide","anim_tc098_tide_pulse_surge","626","418","sfx_tc098_tide_pulse_surge","float","ground_wave","ring_pop","#2F9EEA","#A7E8FF"
"TC099","Verdance Ward","verdance","anim_tc099_verdance_guard_spiral","643","429","sfx_tc099_verdance_guard_spiral","spin","screen_layer","scatter","#43A047","#B7E27D"
"TC100","Stone Lance","stone","anim_tc100_stone_field_burst","660","440","sfx_tc100_stone_field_burst","step","particle_cone","pull","#8A7D66","#D0C0A0"
"TC101","Gale Step","gale","anim_tc101_gale_bind_rain","677","451","sfx_tc101_gale_bind_rain","rear","orbit","cleanse","#87CDEB","#FFFFFF"
"TC102","Spark Howl","spark","anim_tc102_spark_recovery_lash","694","462","sfx_tc102_spark_recovery_lash","lunge","projectile","flash","#FFD43B","#FFFFFF"
"TC103","Frost Guard","frost","anim_tc103_frost_strike_ring","711","473","sfx_tc103_frost_strike_ring","brace","aura_ring","shake","#A7E8FF","#FFFFFF"
"TC104","Metal Crash","metal","anim_tc104_metal_pulse_wave","728","484","sfx_tc104_metal_pulse_wave","float","ground_wave","ring_pop","#A6A9B6","#E2E5EF"
"TC105","Shade Thread","shade","anim_tc105_shade_guard_slash","745","495","sfx_tc105_shade_guard_slash","spin","screen_layer","scatter","#5D3F7A","#0C0D12"
"TC106","Radiant Field","radiant","anim_tc106_radiant_field_flare","762","506","sfx_tc106_radiant_field_flare","step","particle_cone","pull","#FFD97A","#FFFFFF"
"TC107","Mind Mark","mind","anim_tc107_mind_bind_quake","779","517","sfx_tc107_mind_bind_quake","rear","orbit","cleanse","#C071D8","#F0B6FF"
"TC108","Echo Rush","echo","anim_tc108_echo_recovery_beam","796","528","sfx_tc108_echo_recovery_beam","lunge","projectile","flash","#55D6C2","#FFFFFF"
"TC109","Ember Song","ember","anim_tc109_ember_strike_ripple","813","539","sfx_tc109_ember_strike_ripple","brace","aura_ring","shake","#F05A28","#FFD43B"
"TC110","Tide Blade","tide","anim_tc110_tide_pulse_shard","830","550","sfx_tc110_tide_pulse_shard","float","ground_wave","ring_pop","#2F9EEA","#A7E8FF"
"TC111","Verdance Nova","verdance","anim_tc111_verdance_guard_chain","847","561","sfx_tc111_verdance_guard_chain","spin","screen_layer","scatter","#43A047","#B7E27D"
"TC112","Stone Rift","stone","anim_tc112_stone_field_veil","864","572","sfx_tc112_stone_field_veil","step","particle_cone","pull","#8A7D66","#D0C0A0"
"TC113","Gale Comet","gale","anim_tc113_gale_bind_arc","881","583","sfx_tc113_gale_bind_arc","rear","orbit","cleanse","#87CDEB","#FFFFFF"
"TC114","Spark Bind","spark","anim_tc114_spark_recovery_surge","898","594","sfx_tc114_spark_recovery_surge","lunge","projectile","flash","#FFD43B","#FFFFFF"
"TC115","Frost Mirror","frost","anim_tc115_frost_strike_spiral","915","185","sfx_tc115_frost_strike_spiral","brace","aura_ring","shake","#A7E8FF","#FFFFFF"
"TC116","Metal Drift","metal","anim_tc116_metal_pulse_burst","932","196","sfx_tc116_metal_pulse_burst","float","ground_wave","ring_pop","#A6A9B6","#E2E5EF"
"TC117","Shade Aegis","shade","anim_tc117_shade_guard_rain","949","207","sfx_tc117_shade_guard_rain","spin","screen_layer","scatter","#5D3F7A","#0C0D12"
"TC118","Radiant Burst","radiant","anim_tc118_radiant_field_lash","966","218","sfx_tc118_radiant_field_lash","step","particle_cone","pull","#FFD97A","#FFFFFF"
"TC119","Mind Orbit","mind","anim_tc119_mind_bind_ring","983","229","sfx_tc119_mind_bind_ring","rear","orbit","cleanse","#C071D8","#F0B6FF"
"TC120","Echo Needle","echo","anim_tc120_echo_recovery_wave","1000","240","sfx_tc120_echo_recovery_wave","lunge","projectile","flash","#55D6C2","#FFFFFF"
"TC121","Ember Snap","ember","anim_tc121_ember_strike_slash","1017","251","sfx_tc121_ember_strike_slash","brace","aura_ring","shake","#F05A28","#FFD43B"
"TC122","Tide Surge","tide","anim_tc122_tide_pulse_flare","1034","262","sfx_tc122_tide_pulse_flare","float","ground_wave","ring_pop","#2F9EEA","#A7E8FF"
"TC123","Verdance Veil","verdance","anim_tc123_verdance_guard_quake","531","273","sfx_tc123_verdance_guard_quake","spin","screen_layer","scatter","#43A047","#B7E27D"
"TC124","Stone Spiral","stone","anim_tc124_stone_field_beam","548","284","sfx_tc124_stone_field_beam","step","particle_cone","pull","#8A7D66","#D0C0A0"
"TC125","Gale Crown","gale","anim_tc125_gale_bind_ripple","565","295","sfx_tc125_gale_bind_ripple","rear","orbit","cleanse","#87CDEB","#FFFFFF"
"TC126","Spark Pulse","spark","anim_tc126_spark_recovery_shard","582","306","sfx_tc126_spark_recovery_shard","lunge","projectile","flash","#FFD43B","#FFFFFF"
"TC127","Frost Fang","frost","anim_tc127_frost_strike_chain","599","317","sfx_tc127_frost_strike_chain","brace","aura_ring","shake","#A7E8FF","#FFFFFF"
"TC128","Metal Bloom","metal","anim_tc128_metal_pulse_veil","616","328","sfx_tc128_metal_pulse_veil","float","ground_wave","ring_pop","#A6A9B6","#E2E5EF"
"TC129","Shade Ward","shade","anim_tc129_shade_guard_arc","633","339","sfx_tc129_shade_guard_arc","spin","screen_layer","scatter","#5D3F7A","#0C0D12"
"TC130","Radiant Lance","radiant","anim_tc130_radiant_field_surge","650","350","sfx_tc130_radiant_field_surge","step","particle_cone","pull","#FFD97A","#FFFFFF"
"TC131","Mind Step","mind","anim_tc131_mind_bind_spiral","667","361","sfx_tc131_mind_bind_spiral","rear","orbit","cleanse","#C071D8","#F0B6FF"
"TC132","Echo Howl","echo","anim_tc132_echo_recovery_burst","684","372","sfx_tc132_echo_recovery_burst","lunge","projectile","flash","#55D6C2","#FFFFFF"
"TC133","Ember Guard","ember","anim_tc133_ember_strike_rain","701","383","sfx_tc133_ember_strike_rain","brace","aura_ring","shake","#F05A28","#FFD43B"
"TC134","Tide Crash","tide","anim_tc134_tide_pulse_lash","718","394","sfx_tc134_tide_pulse_lash","float","ground_wave","ring_pop","#2F9EEA","#A7E8FF"
"TC135","Verdance Thread","verdance","anim_tc135_verdance_guard_ring","735","405","sfx_tc135_verdance_guard_ring","spin","screen_layer","scatter","#43A047","#B7E27D"
"TC136","Stone Field","stone","anim_tc136_stone_field_wave","752","416","sfx_tc136_stone_field_wave","step","particle_cone","pull","#8A7D66","#D0C0A0"
"TC137","Gale Mark","gale","anim_tc137_gale_bind_slash","769","427","sfx_tc137_gale_bind_slash","rear","orbit","cleanse","#87CDEB","#FFFFFF"
"TC138","Spark Rush","spark","anim_tc138_spark_recovery_flare","786","438","sfx_tc138_spark_recovery_flare","lunge","projectile","flash","#FFD43B","#FFFFFF"
"TC139","Frost Song","frost","anim_tc139_frost_strike_quake","803","449","sfx_tc139_frost_strike_quake","brace","aura_ring","shake","#A7E8FF","#FFFFFF"
"TC140","Metal Blade","metal","anim_tc140_metal_pulse_beam","820","460","sfx_tc140_metal_pulse_beam","float","ground_wave","ring_pop","#A6A9B6","#E2E5EF"
"TC141","Shade Nova","shade","anim_tc141_shade_guard_ripple","837","471","sfx_tc141_shade_guard_ripple","spin","screen_layer","scatter","#5D3F7A","#0C0D12"
"TC142","Radiant Rift","radiant","anim_tc142_radiant_field_shard","854","482","sfx_tc142_radiant_field_shard","step","particle_cone","pull","#FFD97A","#FFFFFF"
"TC143","Mind Comet","mind","anim_tc143_mind_bind_chain","871","493","sfx_tc143_mind_bind_chain","rear","orbit","cleanse","#C071D8","#F0B6FF"
"TC144","Echo Bind","echo","anim_tc144_echo_recovery_veil","888","504","sfx_tc144_echo_recovery_veil","lunge","projectile","flash","#55D6C2","#FFFFFF"
"TC145","Ember Mirror","ember","anim_tc145_ember_strike_arc","905","515","sfx_tc145_ember_strike_arc","brace","aura_ring","shake","#F05A28","#FFD43B"
"TC146","Tide Drift","tide","anim_tc146_tide_pulse_surge","922","526","sfx_tc146_tide_pulse_surge","float","ground_wave","ring_pop","#2F9EEA","#A7E8FF"
"TC147","Verdance Aegis","verdance","anim_tc147_verdance_guard_spiral","939","537","sfx_tc147_verdance_guard_spiral","spin","screen_layer","scatter","#43A047","#B7E27D"
"TC148","Stone Burst","stone","anim_tc148_stone_field_burst","956","548","sfx_tc148_stone_field_burst","step","particle_cone","pull","#8A7D66","#D0C0A0"
"TC149","Gale Orbit","gale","anim_tc149_gale_bind_rain","973","559","sfx_tc149_gale_bind_rain","rear","orbit","cleanse","#87CDEB","#FFFFFF"
"TC150","Spark Needle","spark","anim_tc150_spark_recovery_lash","990","570","sfx_tc150_spark_recovery_lash","lunge","projectile","flash","#FFD43B","#FFFFFF"
"TC151","Frost Snap","frost","anim_tc151_frost_strike_ring","1007","581","sfx_tc151_frost_strike_ring","brace","aura_ring","shake","#A7E8FF","#FFFFFF"
"TC152","Metal Surge","metal","anim_tc152_metal_pulse_wave","1024","592","sfx_tc152_metal_pulse_wave","float","ground_wave","ring_pop","#A6A9B6","#E2E5EF"
"TC153","Shade Veil","shade","anim_tc153_shade_guard_slash","521","183","sfx_tc153_shade_guard_slash","spin","screen_layer","scatter","#5D3F7A","#0C0D12"
"TC154","Radiant Spiral","radiant","anim_tc154_radiant_field_flare","538","194","sfx_tc154_radiant_field_flare","step","particle_cone","pull","#FFD97A","#FFFFFF"
"TC155","Mind Crown","mind","anim_tc155_mind_bind_quake","555","205","sfx_tc155_mind_bind_quake","rear","orbit","cleanse","#C071D8","#F0B6FF"
"TC156","Echo Pulse","echo","anim_tc156_echo_recovery_beam","572","216","sfx_tc156_echo_recovery_beam","lunge","projectile","flash","#55D6C2","#FFFFFF"
"TC157","Ember Fang","ember","anim_tc157_ember_strike_ripple","589","227","sfx_tc157_ember_strike_ripple","brace","aura_ring","shake","#F05A28","#FFD43B"
"TC158","Tide Bloom","tide","anim_tc158_tide_pulse_shard","606","238","sfx_tc158_tide_pulse_shard","float","ground_wave","ring_pop","#2F9EEA","#A7E8FF"
"TC159","Verdance Ward","verdance","anim_tc159_verdance_guard_chain","623","249","sfx_tc159_verdance_guard_chain","spin","screen_layer","scatter","#43A047","#B7E27D"
"TC160","Stone Lance","stone","anim_tc160_stone_field_veil","640","260","sfx_tc160_stone_field_veil","step","particle_cone","pull","#8A7D66","#D0C0A0"
"TC161","Gale Step","gale","anim_tc161_gale_bind_arc","657","271","sfx_tc161_gale_bind_arc","rear","orbit","cleanse","#87CDEB","#FFFFFF"
"TC162","Spark Howl","spark","anim_tc162_spark_recovery_surge","674","282","sfx_tc162_spark_recovery_surge","lunge","projectile","flash","#FFD43B","#FFFFFF"
"TC163","Frost Guard","frost","anim_tc163_frost_strike_spiral","691","293","sfx_tc163_frost_strike_spiral","brace","aura_ring","shake","#A7E8FF","#FFFFFF"
"TC164","Metal Crash","metal","anim_tc164_metal_pulse_burst","708","304","sfx_tc164_metal_pulse_burst","float","ground_wave","ring_pop","#A6A9B6","#E2E5EF"
"TC165","Shade Thread","shade","anim_tc165_shade_guard_rain","725","315","sfx_tc165_shade_guard_rain","spin","screen_layer","scatter","#5D3F7A","#0C0D12"
"TC166","Radiant Field","radiant","anim_tc166_radiant_field_lash","742","326","sfx_tc166_radiant_field_lash","step","particle_cone","pull","#FFD97A","#FFFFFF"
"TC167","Mind Mark","mind","anim_tc167_mind_bind_ring","759","337","sfx_tc167_mind_bind_ring","rear","orbit","cleanse","#C071D8","#F0B6FF"
"TC168","Echo Rush","echo","anim_tc168_echo_recovery_wave","776","348","sfx_tc168_echo_recovery_wave","lunge","projectile","flash","#55D6C2","#FFFFFF"
"TC169","Ember Song","ember","anim_tc169_ember_strike_slash","793","359","sfx_tc169_ember_strike_slash","brace","aura_ring","shake","#F05A28","#FFD43B"
"TC170","Tide Blade","tide","anim_tc170_tide_pulse_flare","810","370","sfx_tc170_tide_pulse_flare","float","ground_wave","ring_pop","#2F9EEA","#A7E8FF"
"TC171","Verdance Nova","verdance","anim_tc171_verdance_guard_quake","827","381","sfx_tc171_verdance_guard_quake","spin","screen_layer","scatter","#43A047","#B7E27D"
"TC172","Stone Rift","stone","anim_tc172_stone_field_beam","844","392","sfx_tc172_stone_field_beam","step","particle_cone","pull","#8A7D66","#D0C0A0"
"TC173","Gale Comet","gale","anim_tc173_gale_bind_ripple","861","403","sfx_tc173_gale_bind_ripple","rear","orbit","cleanse","#87CDEB","#FFFFFF"
"TC174","Spark Bind","spark","anim_tc174_spark_recovery_shard","878","414","sfx_tc174_spark_recovery_shard","lunge","projectile","flash","#FFD43B","#FFFFFF"
"TC175","Frost Mirror","frost","anim_tc175_frost_strike_chain","895","425","sfx_tc175_frost_strike_chain","brace","aura_ring","shake","#A7E8FF","#FFFFFF"
"TC176","Metal Drift","metal","anim_tc176_metal_pulse_veil","912","436","sfx_tc176_metal_pulse_veil","float","ground_wave","ring_pop","#A6A9B6","#E2E5EF"
"TC177","Shade Aegis","shade","anim_tc177_shade_guard_arc","929","447","sfx_tc177_shade_guard_arc","spin","screen_layer","scatter","#5D3F7A","#0C0D12"
"TC178","Radiant Burst","radiant","anim_tc178_radiant_field_surge","946","458","sfx_tc178_radiant_field_surge","step","particle_cone","pull","#FFD97A","#FFFFFF"
"TC179","Mind Orbit","mind","anim_tc179_mind_bind_spiral","963","469","sfx_tc179_mind_bind_spiral","rear","orbit","cleanse","#C071D8","#F0B6FF"
"TC180","Echo Needle","echo","anim_tc180_echo_recovery_burst","980","480","sfx_tc180_echo_recovery_burst","lunge","projectile","flash","#55D6C2","#FFFFFF"
"TC181","Ember Snap","ember","anim_tc181_ember_strike_rain","997","491","sfx_tc181_ember_strike_rain","brace","aura_ring","shake","#F05A28","#FFD43B"
"TC182","Tide Surge","tide","anim_tc182_tide_pulse_lash","1014","502","sfx_tc182_tide_pulse_lash","float","ground_wave","ring_pop","#2F9EEA","#A7E8FF"
"TC183","Verdance Veil","verdance","anim_tc183_verdance_guard_ring","1031","513","sfx_tc183_verdance_guard_ring","spin","screen_layer","scatter","#43A047","#B7E27D"
"TC184","Stone Spiral","stone","anim_tc184_stone_field_wave","528","524","sfx_tc184_stone_field_wave","step","particle_cone","pull","#8A7D66","#D0C0A0"
"TC185","Gale Crown","gale","anim_tc185_gale_bind_slash","545","535","sfx_tc185_gale_bind_slash","rear","orbit","cleanse","#87CDEB","#FFFFFF"
"TC186","Spark Pulse","spark","anim_tc186_spark_recovery_flare","562","546","sfx_tc186_spark_recovery_flare","lunge","projectile","flash","#FFD43B","#FFFFFF"
"TC187","Frost Fang","frost","anim_tc187_frost_strike_quake","579","557","sfx_tc187_frost_strike_quake","brace","aura_ring","shake","#A7E8FF","#FFFFFF"
"TC188","Metal Bloom","metal","anim_tc188_metal_pulse_beam","596","568","sfx_tc188_metal_pulse_beam","float","ground_wave","ring_pop","#A6A9B6","#E2E5EF"
"TC189","Shade Ward","shade","anim_tc189_shade_guard_ripple","613","579","sfx_tc189_shade_guard_ripple","spin","screen_layer","scatter","#5D3F7A","#0C0D12"
"TC190","Radiant Lance","radiant","anim_tc190_radiant_field_shard","630","590","sfx_tc190_radiant_field_shard","step","particle_cone","pull","#FFD97A","#FFFFFF"
"TC191","Mind Step","mind","anim_tc191_mind_bind_chain","647","181","sfx_tc191_mind_bind_chain","rear","orbit","cleanse","#C071D8","#F0B6FF"
"TC192","Echo Howl","echo","anim_tc192_echo_recovery_veil","664","192","sfx_tc192_echo_recovery_veil","lunge","projectile","flash","#55D6C2","#FFFFFF"
"TC193","Ember Guard","ember","anim_tc193_ember_strike_arc","681","203","sfx_tc193_ember_strike_arc","brace","aura_ring","shake","#F05A28","#FFD43B"
"TC194","Tide Crash","tide","anim_tc194_tide_pulse_surge","698","214","sfx_tc194_tide_pulse_surge","float","ground_wave","ring_pop","#2F9EEA","#A7E8FF"
"TC195","Verdance Thread","verdance","anim_tc195_verdance_guard_spiral","715","225","sfx_tc195_verdance_guard_spiral","spin","screen_layer","scatter","#43A047","#B7E27D"
"TC196","Stone Field","stone","anim_tc196_stone_field_burst","732","236","sfx_tc196_stone_field_burst","step","particle_cone","pull","#8A7D66","#D0C0A0"
"TC197","Gale Mark","gale","anim_tc197_gale_bind_rain","749","247","sfx_tc197_gale_bind_rain","rear","orbit","cleanse","#87CDEB","#FFFFFF"
"TC198","Spark Rush","spark","anim_tc198_spark_recovery_lash","766","258","sfx_tc198_spark_recovery_lash","lunge","projectile","flash","#FFD43B","#FFFFFF"
"TC199","Frost Song","frost","anim_tc199_frost_strike_ring","783","269","sfx_tc199_frost_strike_ring","brace","aura_ring","shake","#A7E8FF","#FFFFFF"
"TC200","Metal Blade","metal","anim_tc200_metal_pulse_wave","800","280","sfx_tc200_metal_pulse_wave","float","ground_wave","ring_pop","#A6A9B6","#E2E5EF"
"TC201","Shade Nova","shade","anim_tc201_shade_guard_slash","817","291","sfx_tc201_shade_guard_slash","spin","screen_layer","scatter","#5D3F7A","#0C0D12"
"TC202","Radiant Rift","radiant","anim_tc202_radiant_field_flare","834","302","sfx_tc202_radiant_field_flare","step","particle_cone","pull","#FFD97A","#FFFFFF"
"TC203","Mind Comet","mind","anim_tc203_mind_bind_quake","851","313","sfx_tc203_mind_bind_quake","rear","orbit","cleanse","#C071D8","#F0B6FF"
"TC204","Echo Bind","echo","anim_tc204_echo_recovery_beam","868","324","sfx_tc204_echo_recovery_beam","lunge","projectile","flash","#55D6C2","#FFFFFF"
"TC205","Ember Mirror","ember","anim_tc205_ember_strike_ripple","885","335","sfx_tc205_ember_strike_ripple","brace","aura_ring","shake","#F05A28","#FFD43B"
"TC206","Tide Drift","tide","anim_tc206_tide_pulse_shard","902","346","sfx_tc206_tide_pulse_shard","float","ground_wave","ring_pop","#2F9EEA","#A7E8FF"
"TC207","Verdance Aegis","verdance","anim_tc207_verdance_guard_chain","919","357","sfx_tc207_verdance_guard_chain","spin","screen_layer","scatter","#43A047","#B7E27D"
"TC208","Stone Burst","stone","anim_tc208_stone_field_veil","936","368","sfx_tc208_stone_field_veil","step","particle_cone","pull","#8A7D66","#D0C0A0"
"TC209","Gale Orbit","gale","anim_tc209_gale_bind_arc","953","379","sfx_tc209_gale_bind_arc","rear","orbit","cleanse","#87CDEB","#FFFFFF"
"TC210","Spark Needle","spark","anim_tc210_spark_recovery_surge","970","390","sfx_tc210_spark_recovery_surge","lunge","projectile","flash","#FFD43B","#FFFFFF"
"TC211","Frost Snap","frost","anim_tc211_frost_strike_spiral","987","401","sfx_tc211_frost_strike_spiral","brace","aura_ring","shake","#A7E8FF","#FFFFFF"
"TC212","Metal Surge","metal","anim_tc212_metal_pulse_burst","1004","412","sfx_tc212_metal_pulse_burst","float","ground_wave","ring_pop","#A6A9B6","#E2E5EF"
"TC213","Shade Veil","shade","anim_tc213_shade_guard_rain","1021","423","sfx_tc213_shade_guard_rain","spin","screen_layer","scatter","#5D3F7A","#0C0D12"
"TC214","Radiant Spiral","radiant","anim_tc214_radiant_field_lash","1038","434","sfx_tc214_radiant_field_lash","step","particle_cone","pull","#FFD97A","#FFFFFF"
"TC215","Mind Crown","mind","anim_tc215_mind_bind_ring","535","445","sfx_tc215_mind_bind_ring","rear","orbit","cleanse","#C071D8","#F0B6FF"
"TC216","Echo Pulse","echo","anim_tc216_echo_recovery_wave","552","456","sfx_tc216_echo_recovery_wave","lunge","projectile","flash","#55D6C2","#FFFFFF"
"TC217","Ember Fang","ember","anim_tc217_ember_strike_slash","569","467","sfx_tc217_ember_strike_slash","brace","aura_ring","shake","#F05A28","#FFD43B"
"TC218","Tide Bloom","tide","anim_tc218_tide_pulse_flare","586","478","sfx_tc218_tide_pulse_flare","float","ground_wave","ring_pop","#2F9EEA","#A7E8FF"
"TC219","Verdance Ward","verdance","anim_tc219_verdance_guard_quake","603","489","sfx_tc219_verdance_guard_quake","spin","screen_layer","scatter","#43A047","#B7E27D"
"TC220","Stone Lance","stone","anim_tc220_stone_field_beam","620","500","sfx_tc220_stone_field_beam","step","particle_cone","pull","#8A7D66","#D0C0A0"
"TC221","Gale Step","gale","anim_tc221_gale_bind_ripple","637","511","sfx_tc221_gale_bind_ripple","rear","orbit","cleanse","#87CDEB","#FFFFFF"
"TC222","Spark Howl","spark","anim_tc222_spark_recovery_shard","654","522","sfx_tc222_spark_recovery_shard","lunge","projectile","flash","#FFD43B","#FFFFFF"
"TC223","Frost Guard","frost","anim_tc223_frost_strike_chain","671","533","sfx_tc223_frost_strike_chain","brace","aura_ring","shake","#A7E8FF","#FFFFFF"
"TC224","Metal Crash","metal","anim_tc224_metal_pulse_veil","688","544","sfx_tc224_metal_pulse_veil","float","ground_wave","ring_pop","#A6A9B6","#E2E5EF"
"TC225","Shade Thread","shade","anim_tc225_shade_guard_arc","705","555","sfx_tc225_shade_guard_arc","spin","screen_layer","scatter","#5D3F7A","#0C0D12"
"TC226","Radiant Field","radiant","anim_tc226_radiant_field_surge","722","566","sfx_tc226_radiant_field_surge","step","particle_cone","pull","#FFD97A","#FFFFFF"
"TC227","Mind Mark","mind","anim_tc227_mind_bind_spiral","739","577","sfx_tc227_mind_bind_spiral","rear","orbit","cleanse","#C071D8","#F0B6FF"
"TC228","Echo Rush","echo","anim_tc228_echo_recovery_burst","756","588","sfx_tc228_echo_recovery_burst","lunge","projectile","flash","#55D6C2","#FFFFFF"
"TC229","Ember Song","ember","anim_tc229_ember_strike_rain","773","599","sfx_tc229_ember_strike_rain","brace","aura_ring","shake","#F05A28","#FFD43B"
"TC230","Tide Blade","tide","anim_tc230_tide_pulse_lash","790","190","sfx_tc230_tide_pulse_lash","float","ground_wave","ring_pop","#2F9EEA","#A7E8FF"
"TC231","Verdance Nova","verdance","anim_tc231_verdance_guard_ring","807","201","sfx_tc231_verdance_guard_ring","spin","screen_layer","scatter","#43A047","#B7E27D"
"TC232","Stone Rift","stone","anim_tc232_stone_field_wave","824","212","sfx_tc232_stone_field_wave","step","particle_cone","pull","#8A7D66","#D0C0A0"
"TC233","Gale Comet","gale","anim_tc233_gale_bind_slash","841","223","sfx_tc233_gale_bind_slash","rear","orbit","cleanse","#87CDEB","#FFFFFF"
"TC234","Spark Bind","spark","anim_tc234_spark_recovery_flare","858","234","sfx_tc234_spark_recovery_flare","lunge","projectile","flash","#FFD43B","#FFFFFF"
"TC235","Frost Mirror","frost","anim_tc235_frost_strike_quake","875","245","sfx_tc235_frost_strike_quake","brace","aura_ring","shake","#A7E8FF","#FFFFFF"
"TC236","Metal Drift","metal","anim_tc236_metal_pulse_beam","892","256","sfx_tc236_metal_pulse_beam","float","ground_wave","ring_pop","#A6A9B6","#E2E5EF"
"TC237","Shade Aegis","shade","anim_tc237_shade_guard_ripple","909","267","sfx_tc237_shade_guard_ripple","spin","screen_layer","scatter","#5D3F7A","#0C0D12"
"TC238","Radiant Burst","radiant","anim_tc238_radiant_field_shard","926","278","sfx_tc238_radiant_field_shard","step","particle_cone","pull","#FFD97A","#FFFFFF"
"TC239","Mind Orbit","mind","anim_tc239_mind_bind_chain","943","289","sfx_tc239_mind_bind_chain","rear","orbit","cleanse","#C071D8","#F0B6FF"
"TC240","Echo Needle","echo","anim_tc240_echo_recovery_veil","960","300","sfx_tc240_echo_recovery_veil","lunge","projectile","flash","#55D6C2","#FFFFFF"
"TC241","Ember Snap","ember","anim_tc241_ember_strike_arc","977","311","sfx_tc241_ember_strike_arc","brace","aura_ring","shake","#F05A28","#FFD43B"
"TC242","Tide Surge","tide","anim_tc242_tide_pulse_surge","994","322","sfx_tc242_tide_pulse_surge","float","ground_wave","ring_pop","#2F9EEA","#A7E8FF"
"TC243","Verdance Veil","verdance","anim_tc243_verdance_guard_spiral","1011","333","sfx_tc243_verdance_guard_spiral","spin","screen_layer","scatter","#43A047","#B7E27D"
"TC244","Stone Spiral","stone","anim_tc244_stone_field_burst","1028","344","sfx_tc244_stone_field_burst","step","particle_cone","pull","#8A7D66","#D0C0A0"
"TC245","Gale Crown","gale","anim_tc245_gale_bind_rain","525","355","sfx_tc245_gale_bind_rain","rear","orbit","cleanse","#87CDEB","#FFFFFF"
"TC246","Spark Pulse","spark","anim_tc246_spark_recovery_lash","542","366","sfx_tc246_spark_recovery_lash","lunge","projectile","flash","#FFD43B","#FFFFFF"
"TC247","Frost Fang","frost","anim_tc247_frost_strike_ring","559","377","sfx_tc247_frost_strike_ring","brace","aura_ring","shake","#A7E8FF","#FFFFFF"
"TC248","Metal Bloom","metal","anim_tc248_metal_pulse_wave","576","388","sfx_tc248_metal_pulse_wave","float","ground_wave","ring_pop","#A6A9B6","#E2E5EF"
"TC249","Shade Ward","shade","anim_tc249_shade_guard_slash","593","399","sfx_tc249_shade_guard_slash","spin","screen_layer","scatter","#5D3F7A","#0C0D12"
"TC250","Radiant Lance","radiant","anim_tc250_radiant_field_flare","610","410","sfx_tc250_radiant_field_flare","step","particle_cone","pull","#FFD97A","#FFFFFF"
"TC251","Mind Step","mind","anim_tc251_mind_bind_quake","627","421","sfx_tc251_mind_bind_quake","rear","orbit","cleanse","#C071D8","#F0B6FF"
"TC252","Echo Howl","echo","anim_tc252_echo_recovery_beam","644","432","sfx_tc252_echo_recovery_beam","lunge","projectile","flash","#55D6C2","#FFFFFF"
"TC253","Ember Guard","ember","anim_tc253_ember_strike_ripple","661","443","sfx_tc253_ember_strike_ripple","brace","aura_ring","shake","#F05A28","#FFD43B"
"TC254","Tide Crash","tide","anim_tc254_tide_pulse_shard","678","454","sfx_tc254_tide_pulse_shard","float","ground_wave","ring_pop","#2F9EEA","#A7E8FF"
"TC255","Verdance Thread","verdance","anim_tc255_verdance_guard_chain","695","465","sfx_tc255_verdance_guard_chain","spin","screen_layer","scatter","#43A047","#B7E27D"
"TC256","Stone Field","stone","anim_tc256_stone_field_veil","712","476","sfx_tc256_stone_field_veil","step","particle_cone","pull","#8A7D66","#D0C0A0"
"TC257","Gale Mark","gale","anim_tc257_gale_bind_arc","729","487","sfx_tc257_gale_bind_arc","rear","orbit","cleanse","#87CDEB","#FFFFFF"
"TC258","Spark Rush","spark","anim_tc258_spark_recovery_surge","746","498","sfx_tc258_spark_recovery_surge","lunge","projectile","flash","#FFD43B","#FFFFFF"
"TC259","Frost Song","frost","anim_tc259_frost_strike_spiral","763","509","sfx_tc259_frost_strike_spiral","brace","aura_ring","shake","#A7E8FF","#FFFFFF"
"TC260","Metal Blade","metal","anim_tc260_metal_pulse_burst","780","520","sfx_tc260_metal_pulse_burst","float","ground_wave","ring_pop","#A6A9B6","#E2E5EF"
"TC261","Shade Nova","shade","anim_tc261_shade_guard_rain","797","531","sfx_tc261_shade_guard_rain","spin","screen_layer","scatter","#5D3F7A","#0C0D12"
"TC262","Radiant Rift","radiant","anim_tc262_radiant_field_lash","814","542","sfx_tc262_radiant_field_lash","step","particle_cone","pull","#FFD97A","#FFFFFF"
"TC263","Mind Comet","mind","anim_tc263_mind_bind_ring","831","553","sfx_tc263_mind_bind_ring","rear","orbit","cleanse","#C071D8","#F0B6FF"
"TC264","Echo Bind","echo","anim_tc264_echo_recovery_wave","848","564","sfx_tc264_echo_recovery_wave","lunge","projectile","flash","#55D6C2","#FFFFFF"
"TC265","Ember Mirror","ember","anim_tc265_ember_strike_slash","865","575","sfx_tc265_ember_strike_slash","brace","aura_ring","shake","#F05A28","#FFD43B"
"TC266","Tide Drift","tide","anim_tc266_tide_pulse_flare","882","586","sfx_tc266_tide_pulse_flare","float","ground_wave","ring_pop","#2F9EEA","#A7E8FF"
"TC267","Verdance Aegis","verdance","anim_tc267_verdance_guard_quake","899","597","sfx_tc267_verdance_guard_quake","spin","screen_layer","scatter","#43A047","#B7E27D"
"TC268","Stone Burst","stone","anim_tc268_stone_field_beam","916","188","sfx_tc268_stone_field_beam","step","particle_cone","pull","#8A7D66","#D0C0A0"
"TC269","Gale Orbit","gale","anim_tc269_gale_bind_ripple","933","199","sfx_tc269_gale_bind_ripple","rear","orbit","cleanse","#87CDEB","#FFFFFF"
"TC270","Spark Needle","spark","anim_tc270_spark_recovery_shard","950","210","sfx_tc270_spark_recovery_shard","lunge","projectile","flash","#FFD43B","#FFFFFF"
"TC271","Frost Snap","frost","anim_tc271_frost_strike_chain","967","221","sfx_tc271_frost_strike_chain","brace","aura_ring","shake","#A7E8FF","#FFFFFF"
"TC272","Metal Surge","metal","anim_tc272_metal_pulse_veil","984","232","sfx_tc272_metal_pulse_veil","float","ground_wave","ring_pop","#A6A9B6","#E2E5EF"
"TC273","Shade Veil","shade","anim_tc273_shade_guard_arc","1001","243","sfx_tc273_shade_guard_arc","spin","screen_layer","scatter","#5D3F7A","#0C0D12"
"TC274","Radiant Spiral","radiant","anim_tc274_radiant_field_surge","1018","254","sfx_tc274_radiant_field_surge","step","particle_cone","pull","#FFD97A","#FFFFFF"
"TC275","Mind Crown","mind","anim_tc275_mind_bind_spiral","1035","265","sfx_tc275_mind_bind_spiral","rear","orbit","cleanse","#C071D8","#F0B6FF"
"TC276","Echo Pulse","echo","anim_tc276_echo_recovery_burst","532","276","sfx_tc276_echo_recovery_burst","lunge","projectile","flash","#55D6C2","#FFFFFF"
"TC277","Ember Fang","ember","anim_tc277_ember_strike_rain","549","287","sfx_tc277_ember_strike_rain","brace","aura_ring","shake","#F05A28","#FFD43B"
"TC278","Tide Bloom","tide","anim_tc278_tide_pulse_lash","566","298","sfx_tc278_tide_pulse_lash","float","ground_wave","ring_pop","#2F9EEA","#A7E8FF"
"TC279","Verdance Ward","verdance","anim_tc279_verdance_guard_ring","583","309","sfx_tc279_verdance_guard_ring","spin","screen_layer","scatter","#43A047","#B7E27D"
"TC280","Stone Lance","stone","anim_tc280_stone_field_wave","600","320","sfx_tc280_stone_field_wave","step","particle_cone","pull","#8A7D66","#D0C0A0"
"TC281","Gale Step","gale","anim_tc281_gale_bind_slash","617","331","sfx_tc281_gale_bind_slash","rear","orbit","cleanse","#87CDEB","#FFFFFF"
"TC282","Spark Howl","spark","anim_tc282_spark_recovery_flare","634","342","sfx_tc282_spark_recovery_flare","lunge","projectile","flash","#FFD43B","#FFFFFF"
"TC283","Frost Guard","frost","anim_tc283_frost_strike_quake","651","353","sfx_tc283_frost_strike_quake","brace","aura_ring","shake","#A7E8FF","#FFFFFF"
"TC284","Metal Crash","metal","anim_tc284_metal_pulse_beam","668","364","sfx_tc284_metal_pulse_beam","float","ground_wave","ring_pop","#A6A9B6","#E2E5EF"
"TC285","Shade Thread","shade","anim_tc285_shade_guard_ripple","685","375","sfx_tc285_shade_guard_ripple","spin","screen_layer","scatter","#5D3F7A","#0C0D12"
"TC286","Radiant Field","radiant","anim_tc286_radiant_field_shard","702","386","sfx_tc286_radiant_field_shard","step","particle_cone","pull","#FFD97A","#FFFFFF"
"TC287","Mind Mark","mind","anim_tc287_mind_bind_chain","719","397","sfx_tc287_mind_bind_chain","rear","orbit","cleanse","#C071D8","#F0B6FF"
"TC288","Echo Rush","echo","anim_tc288_echo_recovery_veil","736","408","sfx_tc288_echo_recovery_veil","lunge","projectile","flash","#55D6C2","#FFFFFF"
"TC289","Ember Song","ember","anim_tc289_ember_strike_arc","753","419","sfx_tc289_ember_strike_arc","brace","aura_ring","shake","#F05A28","#FFD43B"
"TC290","Tide Blade","tide","anim_tc290_tide_pulse_surge","770","430","sfx_tc290_tide_pulse_surge","float","ground_wave","ring_pop","#2F9EEA","#A7E8FF"
"TC291","Verdance Nova","verdance","anim_tc291_verdance_guard_spiral","787","441","sfx_tc291_verdance_guard_spiral","spin","screen_layer","scatter","#43A047","#B7E27D"
"TC292","Stone Rift","stone","anim_tc292_stone_field_burst","804","452","sfx_tc292_stone_field_burst","step","particle_cone","pull","#8A7D66","#D0C0A0"
"TC293","Gale Comet","gale","anim_tc293_gale_bind_rain","821","463","sfx_tc293_gale_bind_rain","rear","orbit","cleanse","#87CDEB","#FFFFFF"
"TC294","Spark Bind","spark","anim_tc294_spark_recovery_lash","838","474","sfx_tc294_spark_recovery_lash","lunge","projectile","flash","#FFD43B","#FFFFFF"
"TC295","Frost Mirror","frost","anim_tc295_frost_strike_ring","855","485","sfx_tc295_frost_strike_ring","brace","aura_ring","shake","#A7E8FF","#FFFFFF"
"TC296","Metal Drift","metal","anim_tc296_metal_pulse_wave","872","496","sfx_tc296_metal_pulse_wave","float","ground_wave","ring_pop","#A6A9B6","#E2E5EF"
"TC297","Shade Aegis","shade","anim_tc297_shade_guard_slash","889","507","sfx_tc297_shade_guard_slash","spin","screen_layer","scatter","#5D3F7A","#0C0D12"
"TC298","Radiant Burst","radiant","anim_tc298_radiant_field_flare","906","518","sfx_tc298_radiant_field_flare","step","particle_cone","pull","#FFD97A","#FFFFFF"
"TC299","Mind Orbit","mind","anim_tc299_mind_bind_quake","923","529","sfx_tc299_mind_bind_quake","rear","orbit","cleanse","#C071D8","#F0B6FF"
"TC300","Echo Needle","echo","anim_tc300_echo_recovery_beam","940","540","sfx_tc300_echo_recovery_beam","lunge","projectile","flash","#55D6C2","#FFFFFF"
"TC301","Ember Snap","ember","anim_tc301_ember_strike_ripple","957","551","sfx_tc301_ember_strike_ripple","brace","aura_ring","shake","#F05A28","#FFD43B"
"TC302","Tide Surge","tide","anim_tc302_tide_pulse_shard","974","562","sfx_tc302_tide_pulse_shard","float","ground_wave","ring_pop","#2F9EEA","#A7E8FF"
"TC303","Verdance Veil","verdance","anim_tc303_verdance_guard_chain","991","573","sfx_tc303_verdance_guard_chain","spin","screen_layer","scatter","#43A047","#B7E27D"
"TC304","Stone Spiral","stone","anim_tc304_stone_field_veil","1008","584","sfx_tc304_stone_field_veil","step","particle_cone","pull","#8A7D66","#D0C0A0"
"TC305","Gale Crown","gale","anim_tc305_gale_bind_arc","1025","595","sfx_tc305_gale_bind_arc","rear","orbit","cleanse","#87CDEB","#FFFFFF"
"TC306","Spark Pulse","spark","anim_tc306_spark_recovery_surge","522","186","sfx_tc306_spark_recovery_surge","lunge","projectile","flash","#FFD43B","#FFFFFF"
"TC307","Frost Fang","frost","anim_tc307_frost_strike_spiral","539","197","sfx_tc307_frost_strike_spiral","brace","aura_ring","shake","#A7E8FF","#FFFFFF"
"TC308","Metal Bloom","metal","anim_tc308_metal_pulse_burst","556","208","sfx_tc308_metal_pulse_burst","float","ground_wave","ring_pop","#A6A9B6","#E2E5EF"
"TC309","Shade Ward","shade","anim_tc309_shade_guard_rain","573","219","sfx_tc309_shade_guard_rain","spin","screen_layer","scatter","#5D3F7A","#0C0D12"
"TC310","Radiant Lance","radiant","anim_tc310_radiant_field_lash","590","230","sfx_tc310_radiant_field_lash","step","particle_cone","pull","#FFD97A","#FFFFFF"
"TC311","Mind Step","mind","anim_tc311_mind_bind_ring","607","241","sfx_tc311_mind_bind_ring","rear","orbit","cleanse","#C071D8","#F0B6FF"
"TC312","Echo Howl","echo","anim_tc312_echo_recovery_wave","624","252","sfx_tc312_echo_recovery_wave","lunge","projectile","flash","#55D6C2","#FFFFFF"
"TC313","Ember Guard","ember","anim_tc313_ember_strike_slash","641","263","sfx_tc313_ember_strike_slash","brace","aura_ring","shake","#F05A28","#FFD43B"
"TC314","Tide Crash","tide","anim_tc314_tide_pulse_flare","658","274","sfx_tc314_tide_pulse_flare","float","ground_wave","ring_pop","#2F9EEA","#A7E8FF"
"TC315","Verdance Thread","verdance","anim_tc315_verdance_guard_quake","675","285","sfx_tc315_verdance_guard_quake","spin","screen_layer","scatter","#43A047","#B7E27D"
"TC316","Stone Field","stone","anim_tc316_stone_field_beam","692","296","sfx_tc316_stone_field_beam","step","particle_cone","pull","#8A7D66","#D0C0A0"
"TC317","Gale Mark","gale","anim_tc317_gale_bind_ripple","709","307","sfx_tc317_gale_bind_ripple","rear","orbit","cleanse","#87CDEB","#FFFFFF"
"TC318","Spark Rush","spark","anim_tc318_spark_recovery_shard","726","318","sfx_tc318_spark_recovery_shard","lunge","projectile","flash","#FFD43B","#FFFFFF"
"TC319","Frost Song","frost","anim_tc319_frost_strike_chain","743","329","sfx_tc319_frost_strike_chain","brace","aura_ring","shake","#A7E8FF","#FFFFFF"
"TC320","Metal Blade","metal","anim_tc320_metal_pulse_veil","760","340","sfx_tc320_metal_pulse_veil","float","ground_wave","ring_pop","#A6A9B6","#E2E5EF"
"TC321","Shade Nova","shade","anim_tc321_shade_guard_arc","777","351","sfx_tc321_shade_guard_arc","spin","screen_layer","scatter","#5D3F7A","#0C0D12"
"TC322","Radiant Rift","radiant","anim_tc322_radiant_field_surge","794","362","sfx_tc322_radiant_field_surge","step","particle_cone","pull","#FFD97A","#FFFFFF"
"TC323","Mind Comet","mind","anim_tc323_mind_bind_spiral","811","373","sfx_tc323_mind_bind_spiral","rear","orbit","cleanse","#C071D8","#F0B6FF"
"TC324","Echo Bind","echo","anim_tc324_echo_recovery_burst","828","384","sfx_tc324_echo_recovery_burst","lunge","projectile","flash","#55D6C2","#FFFFFF"
"TC325","Ember Mirror","ember","anim_tc325_ember_strike_rain","845","395","sfx_tc325_ember_strike_rain","brace","aura_ring","shake","#F05A28","#FFD43B"
"TC326","Tide Drift","tide","anim_tc326_tide_pulse_lash","862","406","sfx_tc326_tide_pulse_lash","float","ground_wave","ring_pop","#2F9EEA","#A7E8FF"
"TC327","Verdance Aegis","verdance","anim_tc327_verdance_guard_ring","879","417","sfx_tc327_verdance_guard_ring","spin","screen_layer","scatter","#43A047","#B7E27D"
"TC328","Stone Burst","stone","anim_tc328_stone_field_wave","896","428","sfx_tc328_stone_field_wave","step","particle_cone","pull","#8A7D66","#D0C0A0"
"TC329","Gale Orbit","gale","anim_tc329_gale_bind_slash","913","439","sfx_tc329_gale_bind_slash","rear","orbit","cleanse","#87CDEB","#FFFFFF"
"TC330","Spark Needle","spark","anim_tc330_spark_recovery_flare","930","450","sfx_tc330_spark_recovery_flare","lunge","projectile","flash","#FFD43B","#FFFFFF"
"TC331","Frost Snap","frost","anim_tc331_frost_strike_quake","947","461","sfx_tc331_frost_strike_quake","brace","aura_ring","shake","#A7E8FF","#FFFFFF"
"TC332","Metal Surge","metal","anim_tc332_metal_pulse_beam","964","472","sfx_tc332_metal_pulse_beam","float","ground_wave","ring_pop","#A6A9B6","#E2E5EF"
"TC333","Shade Veil","shade","anim_tc333_shade_guard_ripple","981","483","sfx_tc333_shade_guard_ripple","spin","screen_layer","scatter","#5D3F7A","#0C0D12"
"TC334","Radiant Spiral","radiant","anim_tc334_radiant_field_shard","998","494","sfx_tc334_radiant_field_shard","step","particle_cone","pull","#FFD97A","#FFFFFF"
"TC335","Mind Crown","mind","anim_tc335_mind_bind_chain","1015","505","sfx_tc335_mind_bind_chain","rear","orbit","cleanse","#C071D8","#F0B6FF"
"TC336","Echo Pulse","echo","anim_tc336_echo_recovery_veil","1032","516","sfx_tc336_echo_recovery_veil","lunge","projectile","flash","#55D6C2","#FFFFFF"
"TC337","Ember Fang","ember","anim_tc337_ember_strike_arc","529","527","sfx_tc337_ember_strike_arc","brace","aura_ring","shake","#F05A28","#FFD43B"
"TC338","Tide Bloom","tide","anim_tc338_tide_pulse_surge","546","538","sfx_tc338_tide_pulse_surge","float","ground_wave","ring_pop","#2F9EEA","#A7E8FF"
"TC339","Verdance Ward","verdance","anim_tc339_verdance_guard_spiral","563","549","sfx_tc339_verdance_guard_spiral","spin","screen_layer","scatter","#43A047","#B7E27D"
"TC340","Stone Lance","stone","anim_tc340_stone_field_burst","580","560","sfx_tc340_stone_field_burst","step","particle_cone","pull","#8A7D66","#D0C0A0"
"TC341","Gale Step","gale","anim_tc341_gale_bind_rain","597","571","sfx_tc341_gale_bind_rain","rear","orbit","cleanse","#87CDEB","#FFFFFF"
"TC342","Spark Howl","spark","anim_tc342_spark_recovery_lash","614","582","sfx_tc342_spark_recovery_lash","lunge","projectile","flash","#FFD43B","#FFFFFF"
"TC343","Frost Guard","frost","anim_tc343_frost_strike_ring","631","593","sfx_tc343_frost_strike_ring","brace","aura_ring","shake","#A7E8FF","#FFFFFF"
"TC344","Metal Crash","metal","anim_tc344_metal_pulse_wave","648","184","sfx_tc344_metal_pulse_wave","float","ground_wave","ring_pop","#A6A9B6","#E2E5EF"
"TC345","Shade Thread","shade","anim_tc345_shade_guard_slash","665","195","sfx_tc345_shade_guard_slash","spin","screen_layer","scatter","#5D3F7A","#0C0D12"
"TC346","Radiant Field","radiant","anim_tc346_radiant_field_flare","682","206","sfx_tc346_radiant_field_flare","step","particle_cone","pull","#FFD97A","#FFFFFF"
"TC347","Mind Mark","mind","anim_tc347_mind_bind_quake","699","217","sfx_tc347_mind_bind_quake","rear","orbit","cleanse","#C071D8","#F0B6FF"
"TC348","Echo Rush","echo","anim_tc348_echo_recovery_beam","716","228","sfx_tc348_echo_recovery_beam","lunge","projectile","flash","#55D6C2","#FFFFFF"
"TC349","Ember Song","ember","anim_tc349_ember_strike_ripple","733","239","sfx_tc349_ember_strike_ripple","brace","aura_ring","shake","#F05A28","#FFD43B"
"TC350","Tide Blade","tide","anim_tc350_tide_pulse_shard","750","250","sfx_tc350_tide_pulse_shard","float","ground_wave","ring_pop","#2F9EEA","#A7E8FF"
"TC351","Verdance Nova","verdance","anim_tc351_verdance_guard_chain","767","261","sfx_tc351_verdance_guard_chain","spin","screen_layer","scatter","#43A047","#B7E27D"
"TC352","Stone Rift","stone","anim_tc352_stone_field_veil","784","272","sfx_tc352_stone_field_veil","step","particle_cone","pull","#8A7D66","#D0C0A0"
"TC353","Gale Comet","gale","anim_tc353_gale_bind_arc","801","283","sfx_tc353_gale_bind_arc","rear","orbit","cleanse","#87CDEB","#FFFFFF"
"TC354","Spark Bind","spark","anim_tc354_spark_recovery_surge","818","294","sfx_tc354_spark_recovery_surge","lunge","projectile","flash","#FFD43B","#FFFFFF"
"TC355","Frost Mirror","frost","anim_tc355_frost_strike_spiral","835","305","sfx_tc355_frost_strike_spiral","brace","aura_ring","shake","#A7E8FF","#FFFFFF"
"TC356","Metal Drift","metal","anim_tc356_metal_pulse_burst","852","316","sfx_tc356_metal_pulse_burst","float","ground_wave","ring_pop","#A6A9B6","#E2E5EF"
"TC357","Shade Aegis","shade","anim_tc357_shade_guard_rain","869","327","sfx_tc357_shade_guard_rain","spin","screen_layer","scatter","#5D3F7A","#0C0D12"
"TC358","Radiant Burst","radiant","anim_tc358_radiant_field_lash","886","338","sfx_tc358_radiant_field_lash","step","particle_cone","pull","#FFD97A","#FFFFFF"
"TC359","Mind Orbit","mind","anim_tc359_mind_bind_ring","903","349","sfx_tc359_mind_bind_ring","rear","orbit","cleanse","#C071D8","#F0B6FF"
"TC360","Echo Needle","echo","anim_tc360_echo_recovery_wave","920","360","sfx_tc360_echo_recovery_wave","lunge","projectile","flash","#55D6C2","#FFFFFF"
"TC361","Ember Snap","ember","anim_tc361_ember_strike_slash","937","371","sfx_tc361_ember_strike_slash","brace","aura_ring","shake","#F05A28","#FFD43B"
"TC362","Tide Surge","tide","anim_tc362_tide_pulse_flare","954","382","sfx_tc362_tide_pulse_flare","float","ground_wave","ring_pop","#2F9EEA","#A7E8FF"
"TC363","Verdance Veil","verdance","anim_tc363_verdance_guard_quake","971","393","sfx_tc363_verdance_guard_quake","spin","screen_layer","scatter","#43A047","#B7E27D"
"TC364","Stone Spiral","stone","anim_tc364_stone_field_beam","988","404","sfx_tc364_stone_field_beam","step","particle_cone","pull","#8A7D66","#D0C0A0"
"TC365","Gale Crown","gale","anim_tc365_gale_bind_ripple","1005","415","sfx_tc365_gale_bind_ripple","rear","orbit","cleanse","#87CDEB","#FFFFFF"
"TC366","Spark Pulse","spark","anim_tc366_spark_recovery_shard","1022","426","sfx_tc366_spark_recovery_shard","lunge","projectile","flash","#FFD43B","#FFFFFF"
"TC367","Frost Fang","frost","anim_tc367_frost_strike_chain","1039","437","sfx_tc367_frost_strike_chain","brace","aura_ring","shake","#A7E8FF","#FFFFFF"
"TC368","Metal Bloom","metal","anim_tc368_metal_pulse_veil","536","448","sfx_tc368_metal_pulse_veil","float","ground_wave","ring_pop","#A6A9B6","#E2E5EF"
"TC369","Shade Ward","shade","anim_tc369_shade_guard_arc","553","459","sfx_tc369_shade_guard_arc","spin","screen_layer","scatter","#5D3F7A","#0C0D12"
"TC370","Radiant Lance","radiant","anim_tc370_radiant_field_surge","570","470","sfx_tc370_radiant_field_surge","step","particle_cone","pull","#FFD97A","#FFFFFF"
"TC371","Mind Step","mind","anim_tc371_mind_bind_spiral","587","481","sfx_tc371_mind_bind_spiral","rear","orbit","cleanse","#C071D8","#F0B6FF"
"TC372","Echo Howl","echo","anim_tc372_echo_recovery_burst","604","492","sfx_tc372_echo_recovery_burst","lunge","projectile","flash","#55D6C2","#FFFFFF"
"TC373","Ember Guard","ember","anim_tc373_ember_strike_rain","621","503","sfx_tc373_ember_strike_rain","brace","aura_ring","shake","#F05A28","#FFD43B"
"TC374","Tide Crash","tide","anim_tc374_tide_pulse_lash","638","514","sfx_tc374_tide_pulse_lash","float","ground_wave","ring_pop","#2F9EEA","#A7E8FF"
"TC375","Verdance Thread","verdance","anim_tc375_verdance_guard_ring","655","525","sfx_tc375_verdance_guard_ring","spin","screen_layer","scatter","#43A047","#B7E27D"
"TC376","Stone Field","stone","anim_tc376_stone_field_wave","672","536","sfx_tc376_stone_field_wave","step","particle_cone","pull","#8A7D66","#D0C0A0"
"TC377","Gale Mark","gale","anim_tc377_gale_bind_slash","689","547","sfx_tc377_gale_bind_slash","rear","orbit","cleanse","#87CDEB","#FFFFFF"
"TC378","Spark Rush","spark","anim_tc378_spark_recovery_flare","706","558","sfx_tc378_spark_recovery_flare","lunge","projectile","flash","#FFD43B","#FFFFFF"
"TC379","Frost Song","frost","anim_tc379_frost_strike_quake","723","569","sfx_tc379_frost_strike_quake","brace","aura_ring","shake","#A7E8FF","#FFFFFF"
"TC380","Metal Blade","metal","anim_tc380_metal_pulse_beam","740","580","sfx_tc380_metal_pulse_beam","float","ground_wave","ring_pop","#A6A9B6","#E2E5EF"
"TC381","Shade Nova","shade","anim_tc381_shade_guard_ripple","757","591","sfx_tc381_shade_guard_ripple","spin","screen_layer","scatter","#5D3F7A","#0C0D12"
"TC382","Radiant Rift","radiant","anim_tc382_radiant_field_shard","774","182","sfx_tc382_radiant_field_shard","step","particle_cone","pull","#FFD97A","#FFFFFF"
"TC383","Mind Comet","mind","anim_tc383_mind_bind_chain","791","193","sfx_tc383_mind_bind_chain","rear","orbit","cleanse","#C071D8","#F0B6FF"
"TC384","Echo Bind","echo","anim_tc384_echo_recovery_veil","808","204","sfx_tc384_echo_recovery_veil","lunge","projectile","flash","#55D6C2","#FFFFFF"
"TC385","Ember Mirror","ember","anim_tc385_ember_strike_arc","825","215","sfx_tc385_ember_strike_arc","brace","aura_ring","shake","#F05A28","#FFD43B"
"TC386","Tide Drift","tide","anim_tc386_tide_pulse_surge","842","226","sfx_tc386_tide_pulse_surge","float","ground_wave","ring_pop","#2F9EEA","#A7E8FF"
"TC387","Verdance Aegis","verdance","anim_tc387_verdance_guard_spiral","859","237","sfx_tc387_verdance_guard_spiral","spin","screen_layer","scatter","#43A047","#B7E27D"
"TC388","Stone Burst","stone","anim_tc388_stone_field_burst","876","248","sfx_tc388_stone_field_burst","step","particle_cone","pull","#8A7D66","#D0C0A0"
"TC389","Gale Orbit","gale","anim_tc389_gale_bind_rain","893","259","sfx_tc389_gale_bind_rain","rear","orbit","cleanse","#87CDEB","#FFFFFF"
"TC390","Spark Needle","spark","anim_tc390_spark_recovery_lash","910","270","sfx_tc390_spark_recovery_lash","lunge","projectile","flash","#FFD43B","#FFFFFF"
"TC391","Frost Snap","frost","anim_tc391_frost_strike_ring","927","281","sfx_tc391_frost_strike_ring","brace","aura_ring","shake","#A7E8FF","#FFFFFF"
"TC392","Metal Surge","metal","anim_tc392_metal_pulse_wave","944","292","sfx_tc392_metal_pulse_wave","float","ground_wave","ring_pop","#A6A9B6","#E2E5EF"
"TC393","Shade Veil","shade","anim_tc393_shade_guard_slash","961","303","sfx_tc393_shade_guard_slash","spin","screen_layer","scatter","#5D3F7A","#0C0D12"
"TC394","Radiant Spiral","radiant","anim_tc394_radiant_field_flare","978","314","sfx_tc394_radiant_field_flare","step","particle_cone","pull","#FFD97A","#FFFFFF"
"TC395","Mind Crown","mind","anim_tc395_mind_bind_quake","995","325","sfx_tc395_mind_bind_quake","rear","orbit","cleanse","#C071D8","#F0B6FF"
"TC396","Echo Pulse","echo","anim_tc396_echo_recovery_beam","1012","336","sfx_tc396_echo_recovery_beam","lunge","projectile","flash","#55D6C2","#FFFFFF"
"TC397","Ember Fang","ember","anim_tc397_ember_strike_ripple","1029","347","sfx_tc397_ember_strike_ripple","brace","aura_ring","shake","#F05A28","#FFD43B"
"TC398","Tide Bloom","tide","anim_tc398_tide_pulse_shard","526","358","sfx_tc398_tide_pulse_shard","float","ground_wave","ring_pop","#2F9EEA","#A7E8FF"
"TC399","Verdance Ward","verdance","anim_tc399_verdance_guard_chain","543","369","sfx_tc399_verdance_guard_chain","spin","screen_layer","scatter","#43A047","#B7E27D"
"TC400","Stone Lance","stone","anim_tc400_stone_field_veil","560","380","sfx_tc400_stone_field_veil","step","particle_cone","pull","#8A7D66","#D0C0A0"
"TC401","Gale Step","gale","anim_tc401_gale_bind_arc","577","391","sfx_tc401_gale_bind_arc","rear","orbit","cleanse","#87CDEB","#FFFFFF"
"TC402","Spark Howl","spark","anim_tc402_spark_recovery_surge","594","402","sfx_tc402_spark_recovery_surge","lunge","projectile","flash","#FFD43B","#FFFFFF"
"TC403","Frost Guard","frost","anim_tc403_frost_strike_spiral","611","413","sfx_tc403_frost_strike_spiral","brace","aura_ring","shake","#A7E8FF","#FFFFFF"
"TC404","Metal Crash","metal","anim_tc404_metal_pulse_burst","628","424","sfx_tc404_metal_pulse_burst","float","ground_wave","ring_pop","#A6A9B6","#E2E5EF"
"TC405","Shade Thread","shade","anim_tc405_shade_guard_rain","645","435","sfx_tc405_shade_guard_rain","spin","screen_layer","scatter","#5D3F7A","#0C0D12"
"TC406","Radiant Field","radiant","anim_tc406_radiant_field_lash","662","446","sfx_tc406_radiant_field_lash","step","particle_cone","pull","#FFD97A","#FFFFFF"
"TC407","Mind Mark","mind","anim_tc407_mind_bind_ring","679","457","sfx_tc407_mind_bind_ring","rear","orbit","cleanse","#C071D8","#F0B6FF"
"TC408","Echo Rush","echo","anim_tc408_echo_recovery_wave","696","468","sfx_tc408_echo_recovery_wave","lunge","projectile","flash","#55D6C2","#FFFFFF"
"TC409","Ember Song","ember","anim_tc409_ember_strike_slash","713","479","sfx_tc409_ember_strike_slash","brace","aura_ring","shake","#F05A28","#FFD43B"
"TC410","Tide Blade","tide","anim_tc410_tide_pulse_flare","730","490","sfx_tc410_tide_pulse_flare","float","ground_wave","ring_pop","#2F9EEA","#A7E8FF"
"TC411","Verdance Nova","verdance","anim_tc411_verdance_guard_quake","747","501","sfx_tc411_verdance_guard_quake","spin","screen_layer","scatter","#43A047","#B7E27D"
"TC412","Stone Rift","stone","anim_tc412_stone_field_beam","764","512","sfx_tc412_stone_field_beam","step","particle_cone","pull","#8A7D66","#D0C0A0"
"TC413","Gale Comet","gale","anim_tc413_gale_bind_ripple","781","523","sfx_tc413_gale_bind_ripple","rear","orbit","cleanse","#87CDEB","#FFFFFF"
"TC414","Spark Bind","spark","anim_tc414_spark_recovery_shard","798","534","sfx_tc414_spark_recovery_shard","lunge","projectile","flash","#FFD43B","#FFFFFF"
"TC415","Frost Mirror","frost","anim_tc415_frost_strike_chain","815","545","sfx_tc415_frost_strike_chain","brace","aura_ring","shake","#A7E8FF","#FFFFFF"
"TC416","Metal Drift","metal","anim_tc416_metal_pulse_veil","832","556","sfx_tc416_metal_pulse_veil","float","ground_wave","ring_pop","#A6A9B6","#E2E5EF"
"TC417","Shade Aegis","shade","anim_tc417_shade_guard_arc","849","567","sfx_tc417_shade_guard_arc","spin","screen_layer","scatter","#5D3F7A","#0C0D12"
"TC418","Radiant Burst","radiant","anim_tc418_radiant_field_surge","866","578","sfx_tc418_radiant_field_surge","step","particle_cone","pull","#FFD97A","#FFFFFF"
"TC419","Mind Orbit","mind","anim_tc419_mind_bind_spiral","883","589","sfx_tc419_mind_bind_spiral","rear","orbit","cleanse","#C071D8","#F0B6FF"
"TC420","Echo Needle","echo","anim_tc420_echo_recovery_burst","900","180","sfx_tc420_echo_recovery_burst","lunge","projectile","flash","#55D6C2","#FFFFFF"
"TC421","Ember Snap","ember","anim_tc421_ember_strike_rain","917","191","sfx_tc421_ember_strike_rain","brace","aura_ring","shake","#F05A28","#FFD43B"
"TC422","Tide Surge","tide","anim_tc422_tide_pulse_lash","934","202","sfx_tc422_tide_pulse_lash","float","ground_wave","ring_pop","#2F9EEA","#A7E8FF"
"TC423","Verdance Veil","verdance","anim_tc423_verdance_guard_ring","951","213","sfx_tc423_verdance_guard_ring","spin","screen_layer","scatter","#43A047","#B7E27D"
"TC424","Stone Spiral","stone","anim_tc424_stone_field_wave","968","224","sfx_tc424_stone_field_wave","step","particle_cone","pull","#8A7D66","#D0C0A0"
"TC425","Gale Crown","gale","anim_tc425_gale_bind_slash","985","235","sfx_tc425_gale_bind_slash","rear","orbit","cleanse","#87CDEB","#FFFFFF"
"TC426","Spark Pulse","spark","anim_tc426_spark_recovery_flare","1002","246","sfx_tc426_spark_recovery_flare","lunge","projectile","flash","#FFD43B","#FFFFFF"
"TC427","Frost Fang","frost","anim_tc427_frost_strike_quake","1019","257","sfx_tc427_frost_strike_quake","brace","aura_ring","shake","#A7E8FF","#FFFFFF"
"TC428","Metal Bloom","metal","anim_tc428_metal_pulse_beam","1036","268","sfx_tc428_metal_pulse_beam","float","ground_wave","ring_pop","#A6A9B6","#E2E5EF"
"TC429","Shade Ward","shade","anim_tc429_shade_guard_ripple","533","279","sfx_tc429_shade_guard_ripple","spin","screen_layer","scatter","#5D3F7A","#0C0D12"
"TC430","Radiant Lance","radiant","anim_tc430_radiant_field_shard","550","290","sfx_tc430_radiant_field_shard","step","particle_cone","pull","#FFD97A","#FFFFFF"
"TC431","Mind Step","mind","anim_tc431_mind_bind_chain","567","301","sfx_tc431_mind_bind_chain","rear","orbit","cleanse","#C071D8","#F0B6FF"
"TC432","Echo Howl","echo","anim_tc432_echo_recovery_veil","584","312","sfx_tc432_echo_recovery_veil","lunge","projectile","flash","#55D6C2","#FFFFFF"
"TC433","Ember Guard","ember","anim_tc433_ember_strike_arc","601","323","sfx_tc433_ember_strike_arc","brace","aura_ring","shake","#F05A28","#FFD43B"
"TC434","Tide Crash","tide","anim_tc434_tide_pulse_surge","618","334","sfx_tc434_tide_pulse_surge","float","ground_wave","ring_pop","#2F9EEA","#A7E8FF"
"TC435","Verdance Thread","verdance","anim_tc435_verdance_guard_spiral","635","345","sfx_tc435_verdance_guard_spiral","spin","screen_layer","scatter","#43A047","#B7E27D"
"TC436","Stone Field","stone","anim_tc436_stone_field_burst","652","356","sfx_tc436_stone_field_burst","step","particle_cone","pull","#8A7D66","#D0C0A0"
"TC437","Gale Mark","gale","anim_tc437_gale_bind_rain","669","367","sfx_tc437_gale_bind_rain","rear","orbit","cleanse","#87CDEB","#FFFFFF"
"TC438","Spark Rush","spark","anim_tc438_spark_recovery_lash","686","378","sfx_tc438_spark_recovery_lash","lunge","projectile","flash","#FFD43B","#FFFFFF"
"TC439","Frost Song","frost","anim_tc439_frost_strike_ring","703","389","sfx_tc439_frost_strike_ring","brace","aura_ring","shake","#A7E8FF","#FFFFFF"
"TC440","Metal Blade","metal","anim_tc440_metal_pulse_wave","720","400","sfx_tc440_metal_pulse_wave","float","ground_wave","ring_pop","#A6A9B6","#E2E5EF"
"TC441","Shade Nova","shade","anim_tc441_shade_guard_slash","737","411","sfx_tc441_shade_guard_slash","spin","screen_layer","scatter","#5D3F7A","#0C0D12"
"TC442","Radiant Rift","radiant","anim_tc442_radiant_field_flare","754","422","sfx_tc442_radiant_field_flare","step","particle_cone","pull","#FFD97A","#FFFFFF"
"TC443","Mind Comet","mind","anim_tc443_mind_bind_quake","771","433","sfx_tc443_mind_bind_quake","rear","orbit","cleanse","#C071D8","#F0B6FF"
"TC444","Echo Bind","echo","anim_tc444_echo_recovery_beam","788","444","sfx_tc444_echo_recovery_beam","lunge","projectile","flash","#55D6C2","#FFFFFF"
"TC445","Ember Mirror","ember","anim_tc445_ember_strike_ripple","805","455","sfx_tc445_ember_strike_ripple","brace","aura_ring","shake","#F05A28","#FFD43B"
"TC446","Tide Drift","tide","anim_tc446_tide_pulse_shard","822","466","sfx_tc446_tide_pulse_shard","float","ground_wave","ring_pop","#2F9EEA","#A7E8FF"
"TC447","Verdance Aegis","verdance","anim_tc447_verdance_guard_chain","839","477","sfx_tc447_verdance_guard_chain","spin","screen_layer","scatter","#43A047","#B7E27D"
"TC448","Stone Burst","stone","anim_tc448_stone_field_veil","856","488","sfx_tc448_stone_field_veil","step","particle_cone","pull","#8A7D66","#D0C0A0"
"TC449","Gale Orbit","gale","anim_tc449_gale_bind_arc","873","499","sfx_tc449_gale_bind_arc","rear","orbit","cleanse","#87CDEB","#FFFFFF"
"TC450","Spark Needle","spark","anim_tc450_spark_recovery_surge","890","510","sfx_tc450_spark_recovery_surge","lunge","projectile","flash","#FFD43B","#FFFFFF"
