ordinal,name,rarity,redo_existing,output_format,visual_concept,ai_prompt
990,Orru,Legendary,false,8-frame loop per view (24 PNGs total in 3 sub-folders),"Blue-Eyes Triple-Head — a colossal three-headed dragon with metallic icy-blue scales. Each head crowned with crystalline horn-cluster. Wings translucent like frost-glass. Massive serpentine body. Frost-plasma crackles between the three throats.","Pokemon-style LEGENDARY monster: a colossal three-headed dragon with metallic icy-blue scales, each head crowned with crystalline horn-clusters, wings translucent like frost-glass, massive serpentine body, frost-plasma crackling between the three throats. ANIMATION HINT: the three throats glow on alternating beats — design supports multi-frame plasma-pulse animation. RARITY TIER: Legendary (mythical and divine appearance, otherworldly aura, ~35% larger silhouette dominating ~85% of frame). NEVER use the name 'Orru' as a visual hint. Render 3 views: front / 3/4 back / profile. 96x96 PNG, transparent BG, ≤5 KB. ANIMATED OUTPUT (legendary only): generate 24 PNGs total per creature — 8 frames × 3 views, organized as Monsters/<name>/front/frame_0001.png … frame_0008.png, Monsters/<name>/three_quarter_back/frame_0001.png … frame_0008.png, Monsters/<name>/profile/frame_0001.png … frame_0008.png. Loop animation at 12 fps — subtle motion (drifting halo / pulsing runes / flowing sand / wandering stars / flickering flame), creature silhouette + pose stable across frames, only effect-layer changes. Frame 1 = Frame 9 (seamless loop). Each frame: 96x96 PNG, transparent BG, indexed-256, ≤5 KB."
991,Xundraintu,Legendary,false,8-frame loop per view (24 PNGs total in 3 sub-folders),"Obelisk-Kolossus — a towering humanoid colossus carved from deep blue-stone, hands clenched in massive bound fists, eye-sockets blazing red, ancient glowing runes etched across chest and shoulders. Featureless face. Squared anatomical proportions like a megalith come to life.","Pokemon-style LEGENDARY monster: a towering humanoid colossus carved from deep blue-stone, hands clenched in massive bound fists, eye-sockets blazing red, ancient glowing runes etched across chest and shoulders, featureless face, squared megalith-like anatomy. ANIMATION HINT: runes on chest pulse with red light in a slow rhythm. RARITY TIER: Legendary (~35% larger silhouette). Ignore the name 'Xundraintu'. Render 3 views. 96x96 PNG, transparent BG, ≤5 KB. ANIMATED OUTPUT (legendary only): generate 24 PNGs total per creature — 8 frames × 3 views, organized as Monsters/<name>/front/frame_0001.png … frame_0008.png, Monsters/<name>/three_quarter_back/frame_0001.png … frame_0008.png, Monsters/<name>/profile/frame_0001.png … frame_0008.png. Loop animation at 12 fps — subtle motion (drifting halo / pulsing runes / flowing sand / wandering stars / flickering flame), creature silhouette + pose stable across frames, only effect-layer changes. Frame 1 = Frame 9 (seamless loop). Each frame: 96x96 PNG, transparent BG, indexed-256, ≤5 KB."
992,Resosdienth,Legendary,false,8-frame loop per view (24 PNGs total in 3 sub-folders),"Plant-Löwe — a regal feline body with a mane made of living interwoven vines, autumn leaves and wildflowers. Polished silver-steel claws extend from leaf-padded paws. Eyes glow deep emerald-gold. Tail tip blooms into a single radiant flower. Posture proud, head raised.","Pokemon-style LEGENDARY monster: a regal feline body with a mane made of living interwoven vines and wildflowers, polished silver-steel claws from leaf-padded paws, eyes glowing emerald-gold, tail tip blooms into a radiant flower. ANIMATION HINT: petals slowly drift off the mane. RARITY TIER: Legendary (~35% larger silhouette). Ignore the name 'Resosdienth'. Render 3 views. 96x96 PNG, transparent BG, ≤5 KB. ANIMATED OUTPUT (legendary only): generate 24 PNGs total per creature — 8 frames × 3 views, organized as Monsters/<name>/front/frame_0001.png … frame_0008.png, Monsters/<name>/three_quarter_back/frame_0001.png … frame_0008.png, Monsters/<name>/profile/frame_0001.png … frame_0008.png. Loop animation at 12 fps — subtle motion (drifting halo / pulsing runes / flowing sand / wandering stars / flickering flame), creature silhouette + pose stable across frames, only effect-layer changes. Frame 1 = Frame 9 (seamless loop). Each frame: 96x96 PNG, transparent BG, indexed-256, ≤5 KB."
993,Xazzyrth,Legendary,false,8-frame loop per view (24 PNGs total in 3 sub-folders),"Dark Magician — an arcane warlord in violet-black armor with a star-patterned cape, holding a curved staff topped with a floating purple crystal. Horned helmet shadows the face. Eyes glow violet beneath. Tall, slender, imposing. Magic glyphs swirl around the staff.","Pokemon-style LEGENDARY monster: an arcane warlord in violet-black armor with star-patterned cape, holding a curved staff topped with a floating purple crystal, horned helmet shadowing the face, eyes glowing violet beneath, tall slender imposing, magic glyphs swirling around the staff. ANIMATION HINT: glyphs orbit the crystal in slow circles. RARITY TIER: Legendary (~35% larger silhouette). Ignore the name 'Xazzyrth'. Render 3 views. 96x96 PNG, transparent BG, ≤5 KB. ANIMATED OUTPUT (legendary only): generate 24 PNGs total per creature — 8 frames × 3 views, organized as Monsters/<name>/front/frame_0001.png … frame_0008.png, Monsters/<name>/three_quarter_back/frame_0001.png … frame_0008.png, Monsters/<name>/profile/frame_0001.png … frame_0008.png. Loop animation at 12 fps — subtle motion (drifting halo / pulsing runes / flowing sand / wandering stars / flickering flame), creature silhouette + pose stable across frames, only effect-layer changes. Frame 1 = Frame 9 (seamless loop). Each frame: 96x96 PNG, transparent BG, indexed-256, ≤5 KB."
996,Poton,Legendary,false,8-frame loop per view (24 PNGs total in 3 sub-folders),"Exodia — a colossal sealed god whose body is bound by golden chains in five distinct sealed fragments (head, two arms, two legs) each floating slightly apart. Eyes blaze through the gold. Glowing seal-runes circle each fragment. Imprisoned but radiating menace.","Pokemon-style LEGENDARY monster: a colossal sealed god, body bound by golden chains in five distinct floating sealed fragments (head, two arms, two legs) each slightly apart, eyes blazing through the gold, glowing seal-runes circling each fragment, imprisoned but radiating menace. ANIMATION HINT: seal-runes rotate slowly around each fragment. RARITY TIER: Legendary (~35% larger silhouette). Ignore the name 'Poton'. Render 3 views. 96x96 PNG, transparent BG, ≤5 KB. ANIMATED OUTPUT (legendary only): generate 24 PNGs total per creature — 8 frames × 3 views, organized as Monsters/<name>/front/frame_0001.png … frame_0008.png, Monsters/<name>/three_quarter_back/frame_0001.png … frame_0008.png, Monsters/<name>/profile/frame_0001.png … frame_0008.png. Loop animation at 12 fps — subtle motion (drifting halo / pulsing runes / flowing sand / wandering stars / flickering flame), creature silhouette + pose stable across frames, only effect-layer changes. Frame 1 = Frame 9 (seamless loop). Each frame: 96x96 PNG, transparent BG, indexed-256, ≤5 KB."
999,Orgasdam,Legendary,false,8-frame loop per view (24 PNGs total in 3 sub-folders),"Slifer / Himmlischer Schlangengott — a kilometer-long serpentine dragon coiling through clouds, two mouths stacked vertically (one above the other) both lined with rows of fangs, wings of pure star-fabric stretched between body-segments, scales shimmering with constellations, body trailing nebula-wisps. Chinese mythology + cosmic scale.","Pokemon-style LEGENDARY monster — TOP UNIQUE in entire game (paired with Galaktische Explosion attack): a kilometer-long serpentine dragon coiling through clouds, two mouths stacked vertically both lined with rows of fangs, wings of pure star-fabric stretched between body-segments, scales shimmering with full constellations, body trailing nebula-wisps. Chinese mythology meets cosmic scale. ANIMATION HINT: constellations on the body slowly drift, both mouths can roar in alternating frames. RARITY TIER: Legendary (top of top, ~40% larger silhouette dominating ~90% of frame). Ignore the name 'Orgasdam'. Render 3 views. 96x96 PNG, transparent BG, ≤5 KB. ANIMATED OUTPUT (legendary only): generate 24 PNGs total per creature — 8 frames × 3 views, organized as Monsters/<name>/front/frame_0001.png … frame_0008.png, Monsters/<name>/three_quarter_back/frame_0001.png … frame_0008.png, Monsters/<name>/profile/frame_0001.png … frame_0008.png. Loop animation at 12 fps — subtle motion (drifting halo / pulsing runes / flowing sand / wandering stars / flickering flame), creature silhouette + pose stable across frames, only effect-layer changes. Frame 1 = Frame 9 (seamless loop). Each frame: 96x96 PNG, transparent BG, indexed-256, ≤5 KB."
994,Indrusdet,Legendary,true,8-frame loop per view (24 PNGs total in 3 sub-folders),"Ra / Goldener Sonnen-Adler — a colossal golden raptor with wings of pure solar flame, breath of liquid sunfire, halo of radiant sun-rays surrounding the head, talons forged from molten gold, eyes glowing as miniature suns. Egyptian-pharaonic majesty meets stellar fire. Body proportions massive — wingspan dominates the frame.","Pokemon-style LEGENDARY monster — REPLACES existing artwork at folder 'Indrusdet': a colossal golden raptor with wings of pure solar flame, breath of liquid sunfire pouring from beak, halo of radiant sun-rays surrounding the head, talons forged from molten gold, eyes glowing as miniature suns. Egyptian-pharaonic majesty meets stellar fire. Wingspan dominates the frame. ANIMATION HINT: halo sun-rays rotate, wing-flames flicker between frames. RARITY TIER: Legendary (~35% larger silhouette dominating ~85% of frame, mythical and divine, reality-bending visual flourishes). Ignore the name 'Indrusdet'. Render 3 views. 96x96 PNG, transparent BG, ≤5 KB. ANIMATED OUTPUT (legendary only): generate 24 PNGs total per creature — 8 frames × 3 views, organized as Monsters/<name>/front/frame_0001.png … frame_0008.png, Monsters/<name>/three_quarter_back/frame_0001.png … frame_0008.png, Monsters/<name>/profile/frame_0001.png … frame_0008.png. Loop animation at 12 fps — subtle motion (drifting halo / pulsing runes / flowing sand / wandering stars / flickering flame), creature silhouette + pose stable across frames, only effect-layer changes. Frame 1 = Frame 9 (seamless loop). Each frame: 96x96 PNG, transparent BG, indexed-256, ≤5 KB."
995,Froizainteo,Legendary,true,8-frame loop per view (24 PNGs total in 3 sub-folders),"Crystalline Mantis Apex — a geometric prismatic predator with four blade-arms each refracting impossible-color light, body composed of perfect interlocking polyhedra, hard-light wings unfold into rainbow shards, no flesh — pure crystallized geometry that thinks. Compound eyes are clusters of tiny diamonds.","Pokemon-style LEGENDARY monster — REPLACES existing artwork at folder 'Froizainteo': a geometric prismatic predator mantis with four blade-arms each refracting impossible-color light, body of perfect interlocking polyhedra, hard-light wings unfold into rainbow shards, no flesh — pure crystallized geometry that thinks, compound eyes as clusters of tiny diamonds. ANIMATION HINT: refracted light shifts colors across blade-arms, polyhedra subtly rotate. RARITY TIER: Legendary (~35% larger silhouette dominating ~85% of frame, reality-bending crystalline form). Ignore the name 'Froizainteo'. Render 3 views. 96x96 PNG, transparent BG, ≤5 KB. ANIMATED OUTPUT (legendary only): generate 24 PNGs total per creature — 8 frames × 3 views, organized as Monsters/<name>/front/frame_0001.png … frame_0008.png, Monsters/<name>/three_quarter_back/frame_0001.png … frame_0008.png, Monsters/<name>/profile/frame_0001.png … frame_0008.png. Loop animation at 12 fps — subtle motion (drifting halo / pulsing runes / flowing sand / wandering stars / flickering flame), creature silhouette + pose stable across frames, only effect-layer changes. Frame 1 = Frame 9 (seamless loop). Each frame: 96x96 PNG, transparent BG, indexed-256, ≤5 KB."
997,Chekyntom,Legendary,true,8-frame loop per view (24 PNGs total in 3 sub-folders),"Cosmic Whale-of-Stars — a translucent leviathan filled with swimming galaxies, head-mouth opens periodically to reveal a star-nursery within. Body fins are nebula-veiled. Travels through silent vacuum. Length feels infinite — viewer sees only a portion. Star-clusters drift slowly inside the body.","Pokemon-style LEGENDARY monster — REPLACES existing artwork at folder 'Chekyntom': a translucent cosmic leviathan whale filled with swimming galaxies inside its body, head-mouth opens periodically to reveal a star-nursery within, body fins nebula-veiled, travels through silent vacuum, length feels infinite (viewer sees only a portion). ANIMATION HINT: galaxies inside body slowly drift across frames, mouth opens periodically revealing the star-nursery glow. RARITY TIER: Legendary (~35% larger silhouette dominating ~85% of frame, otherworldly cosmic scale). Ignore the name 'Chekyntom'. Render 3 views. 96x96 PNG, transparent BG, ≤5 KB. ANIMATED OUTPUT (legendary only): generate 24 PNGs total per creature — 8 frames × 3 views, organized as Monsters/<name>/front/frame_0001.png … frame_0008.png, Monsters/<name>/three_quarter_back/frame_0001.png … frame_0008.png, Monsters/<name>/profile/frame_0001.png … frame_0008.png. Loop animation at 12 fps — subtle motion (drifting halo / pulsing runes / flowing sand / wandering stars / flickering flame), creature silhouette + pose stable across frames, only effect-layer changes. Frame 1 = Frame 9 (seamless loop). Each frame: 96x96 PNG, transparent BG, indexed-256, ≤5 KB."
998,Grutin,Legendary,true,8-frame loop per view (24 PNGs total in 3 sub-folders),"Time-Loom Weaver — a clockwork cephalopod with eight arms each winding luminous threads, body covered in spinning gears that grind through past and future simultaneously, head is a brass orb with a single glass-covered eye showing reversed time, threads behind it fade into ghost-images of forgotten moments.","Pokemon-style LEGENDARY monster — REPLACES existing artwork at folder 'Grutin': a clockwork cephalopod with eight arms each winding luminous threads, body covered in spinning gears grinding through past and future simultaneously, head a brass orb with a single glass-covered eye showing reversed time, threads behind fade into ghost-images of forgotten moments. ANIMATION HINT: gears rotate visibly, the eye-pupil flickers backwards through time. RARITY TIER: Legendary (~35% larger silhouette dominating ~85% of frame, reality-bending temporal flourishes). Ignore the name 'Grutin'. Render 3 views. 96x96 PNG, transparent BG, ≤5 KB. ANIMATED OUTPUT (legendary only): generate 24 PNGs total per creature — 8 frames × 3 views, organized as Monsters/<name>/front/frame_0001.png … frame_0008.png, Monsters/<name>/three_quarter_back/frame_0001.png … frame_0008.png, Monsters/<name>/profile/frame_0001.png … frame_0008.png. Loop animation at 12 fps — subtle motion (drifting halo / pulsing runes / flowing sand / wandering stars / flickering flame), creature silhouette + pose stable across frames, only effect-layer changes. Frame 1 = Frame 9 (seamless loop). Each frame: 96x96 PNG, transparent BG, indexed-256, ≤5 KB."
951,Mylroi,VeryRare,false,3 static PNGs,"A walking origami crane folded from gold-leaf paper, wings unfurl into 3D fan-arrays, each fold radiates a single rune-line.","Pokemon-style VeryRare monster: a walking origami crane folded from gold-leaf paper, wings unfurl into 3D fan-arrays, each fold radiates a single rune-line. RARITY: VeryRare (ornate, regal stance). Ignore name. 3 views, 96x96 PNG, transparent BG, ≤5 KB."
953,Tomrenteinth,VeryRare,false,3 static PNGs,"A sentient pendulum-being: brass clock-pendulum body with extension arms, ticks visibly with each frame, no head — a single crystal-eye embedded in the pendulum-bob.","Pokemon-style VeryRare monster: a sentient pendulum-being with brass clock-pendulum body and extension arms, ticking visibly with each frame, no head — a single crystal-eye embedded in the pendulum-bob. RARITY: VeryRare. Ignore name. 3 views, 96x96 PNG, transparent BG, ≤5 KB."
955,Qoirgeinth,VeryRare,false,3 static PNGs,"A coral-reef colony walking on crab-like legs — hundreds of tiny polyps form one composite body, an anemone-cluster serves as 'head', no central animal.","Pokemon-style VeryRare monster: a coral-reef colony walking on crab-like legs — hundreds of tiny polyps forming one composite body, anemone-cluster as 'head', no central animal. RARITY: VeryRare. Ignore name. 3 views, 96x96 PNG, transparent BG, ≤5 KB."
956,Nindainth,VeryRare,false,3 static PNGs,"A crystalline mantis with prismatic blade-arms, body refracting rainbow into hard-light shards. Faceted geometric form rather than organic.","Pokemon-style VeryRare monster: a crystalline mantis with prismatic blade-arms, body refracting rainbow into hard-light shards, faceted geometric form rather than organic. RARITY: VeryRare. Ignore name. 3 views, 96x96 PNG, transparent BG, ≤5 KB."
958,Posass,VeryRare,false,3 static PNGs,"A geyser-creature — lower body is constant erupting steam, upper body is a rounded mineral-mass with eyes embedded like pebbles.","Pokemon-style VeryRare monster: lower body constantly erupting steam, upper body rounded mineral-mass with eyes embedded like pebbles, no recognizable creature. RARITY: VeryRare. Ignore name. 3 views, 96x96 PNG, transparent BG, ≤5 KB."
959,Unosder,VeryRare,false,3 static PNGs,"A walking grandfather-clock: gear-feet, glass-faced eye showing real ticking hands, brass pendulum tail.","Pokemon-style VeryRare monster: a walking grandfather-clock with gear-feet, glass-faced eye showing ticking hands, brass pendulum tail. RARITY: VeryRare. Ignore name. 3 views, 96x96 PNG, transparent BG, ≤5 KB."
961,Xyndyn,VeryRare,false,3 static PNGs,"A literal living calligraphy-mark — brushstrokes form the body, ink drips off as movement-trail. No skeleton, just animated ink.","Pokemon-style VeryRare monster: a sentient calligraphy-mark, brushstrokes forming the body, ink drips off as movement-trail, no skeleton just animated ink. RARITY: VeryRare. Ignore name. 3 views, 96x96 PNG, transparent BG, ≤5 KB."
964,Tinym,VeryRare,false,3 static PNGs,"A walking honeycomb hive — body is honeycomb-cells stacked, each cell contains a tiny eye, head is a beeless waxen mask. No bees.","Pokemon-style VeryRare monster: a walking honeycomb hive — body is hexagonal cells stacked, each cell contains a tiny eye, head is a beeless waxen mask, no bees visible. RARITY: VeryRare. Ignore name. 3 views, 96x96 PNG, transparent BG, ≤5 KB."
967,Kendriass,VeryRare,false,3 static PNGs,"A Möbius-strip ribbon-creature — body is a single twisted band with no front or back, surface marked with celestial diagrams, no anatomical features.","Pokemon-style VeryRare monster: a Möbius-strip ribbon-creature with body as a single twisted band (no front/back), surface marked with celestial diagrams, no anatomical features. RARITY: VeryRare. Ignore name. 3 views, 96x96 PNG, transparent BG, ≤5 KB."
968,Pirgod,VeryRare,false,3 static PNGs,"A spectral cosmic whale — transparent body filled with swimming galaxies, mouth slowly opens to reveal a star-nursery within. Ghostly, vast.","Pokemon-style VeryRare monster: a spectral cosmic whale, transparent body filled with swimming galaxies, mouth slowly opening to reveal a star-nursery within. ANIMATION HINT: galaxies drift inside body. RARITY: VeryRare. Ignore name. 3 views, 96x96 PNG, transparent BG, ≤5 KB."
969,Xiddrirro,VeryRare,false,3 static PNGs,"A bioluminescent abyssal cathedral — many tentacle-towers rising from a translucent dome, internal organs visible glowing through skin.","Pokemon-style VeryRare monster: a bioluminescent abyssal cathedral with many tentacle-towers rising from a translucent dome, internal organs visible glowing through skin. RARITY: VeryRare. Ignore name. 3 views, 96x96 PNG, transparent BG, ≤5 KB."
970,Nendrunos,VeryRare,false,3 static PNGs,"A clockwork time-loom weaver: cephalopod body covered in spinning gears, 8 arms each winding glowing thread that fades into the past.","Pokemon-style VeryRare monster: clockwork time-loom weaver, cephalopod body covered in spinning gears, 8 arms each winding glowing thread that fades into the past. ANIMATION HINT: gears rotate. RARITY: VeryRare. Ignore name. 3 views, 96x96 PNG, transparent BG, ≤5 KB."
972,Yseom,VeryRare,false,3 static PNGs,"A mandrake-warrior: humanoid root-vegetable with leafy crown, a baby-doll face that screams silently. Roots extend as legs.","Pokemon-style VeryRare monster: a mandrake-warrior, humanoid root-vegetable with leafy crown, baby-doll face screaming silently, roots extending as legs. RARITY: VeryRare. Ignore name. 3 views, 96x96 PNG, transparent BG, ≤5 KB."
974,Zymrerth,VeryRare,false,3 static PNGs,"A walking ladder-being: literally an ornate ladder with eyes peeking between rungs, rungs animate as articulated limbs.","Pokemon-style VeryRare monster: a walking ladder-being — literally an ornate ladder with eyes between rungs, rungs animating as articulated limbs. RARITY: VeryRare. Ignore name. 3 views, 96x96 PNG, transparent BG, ≤5 KB."
976,Polriat,VeryRare,false,3 static PNGs,"A sealed-grief entity: a mourning veiled figure with tear-gemstones streaming down the veil, holding a single wilted flower.","Pokemon-style VeryRare monster: a sealed-grief entity — a mourning veiled figure with tear-gemstones streaming down the veil, holding a single wilted flower. RARITY: VeryRare. Ignore name. 3 views, 96x96 PNG, transparent BG, ≤5 KB."
977,Xorvurro,VeryRare,false,3 static PNGs,"A trefoil-knot crystalline being: body topologically knotted into geometric form, prismatic facets refracting on every plane.","Pokemon-style VeryRare monster: a trefoil-knot crystalline being, body topologically knotted into geometric form, prismatic facets refracting on every plane. RARITY: VeryRare. Ignore name. 3 views, 96x96 PNG, transparent BG, ≤5 KB."
978,Zesurth,VeryRare,false,3 static PNGs,"A whale-shaped storm cloud — enormous cetacean silhouette of dark vapor, lightning-veined skin, rain falls from underbelly.","Pokemon-style VeryRare monster: a whale-shaped storm cloud — enormous cetacean silhouette of dark vapor, lightning-veined skin, rain falling from underbelly. RARITY: VeryRare. Ignore name. 3 views, 96x96 PNG, transparent BG, ≤5 KB."
979,Xegi,VeryRare,false,3 static PNGs,"A walking music-box: ornate cylindrical body that rotates, tiny figurines on top revolving, sound-waves visible as ribbons trailing.","Pokemon-style VeryRare monster: a walking music-box — ornate cylindrical body rotating, tiny figurines revolving on top, sound-waves visible as ribbons trailing. ANIMATION HINT: figurines spin. RARITY: VeryRare. Ignore name. 3 views, 96x96 PNG, transparent BG, ≤5 KB."
980,Yzarrass,VeryRare,false,3 static PNGs,"A solitude-ghost: single robed figure surrounded by 3-4 faded translucent duplicates that drift behind it.","Pokemon-style VeryRare monster: a solitude-ghost — single robed figure surrounded by 3-4 faded translucent duplicates drifting behind it. RARITY: VeryRare. Ignore name. 3 views, 96x96 PNG, transparent BG, ≤5 KB."
981,Pimurir,VeryRare,false,3 static PNGs,"An aurora-ribbon entity: shifting curtains of green-violet light, wraps a barely-visible serpentine inner core.","Pokemon-style VeryRare monster: an aurora-ribbon entity — shifting curtains of green-violet light wrapping a barely-visible serpentine inner core. RARITY: VeryRare. Ignore name. 3 views, 96x96 PNG, transparent BG, ≤5 KB."
982,Zese,VeryRare,false,3 static PNGs,"A constellation-walker: floating star-points connected by faint silver lines forming a rough creature-outline, no solid body.","Pokemon-style VeryRare monster: a constellation-walker — floating star-points connected by faint silver lines forming a creature-outline, no solid body. RARITY: VeryRare. Ignore name. 3 views, 96x96 PNG, transparent BG, ≤5 KB."
984,Qelrem,VeryRare,false,3 static PNGs,"A wonder-elemental: small radiant heart-form drawing pulsing concentric rings outward, surface ripples with soft awe-light.","Pokemon-style VeryRare monster: a wonder-elemental — small radiant heart-form drawing pulsing concentric rings outward, surface rippling with soft awe-light. RARITY: VeryRare. Ignore name. 3 views, 96x96 PNG, transparent BG, ≤5 KB."
985,Yrorros,VeryRare,false,3 static PNGs,"A penrose-staircase architecture-being: impossible folded stairs animate as articulated limbs, eyes peer between steps.","Pokemon-style VeryRare monster: a Penrose-staircase architecture-being — impossible folded stairs animating as articulated limbs, eyes peering between steps. RARITY: VeryRare. Ignore name. 3 views, 96x96 PNG, transparent BG, ≤5 KB."
989,Memmuror,VeryRare,false,3 static PNGs,"A memory-gardener: hooded figure with a watering-can, trailing seeds that bloom into ghostly forgotten faces in the air behind.","Pokemon-style VeryRare monster: a memory-gardener — hooded figure with a watering-can, trailing seeds that bloom into ghostly forgotten faces in the air behind. RARITY: VeryRare. Ignore name. 3 views, 96x96 PNG, transparent BG, ≤5 KB."
851,Yetiger,Rare,false,3 static PNGs,"A walking igloo-construct with internal flame-glow, frost-crystals sprouting from corners, no recognizable creature inside — only the door is the eye.","Pokemon-style Rare monster: a walking igloo-construct with internal flame-glow, frost-crystals sprouting from corners, no creature visible — only the doorway is the eye. RARITY: Rare. Ignore name. 3 views, 96x96 PNG, transparent BG, ≤5 KB."
855,Magihawk,Rare,false,3 static PNGs,"A floating spell-scroll unfurled into a hawk-silhouette of glowing runes, wings made entirely of inscribed parchment.","Pokemon-style Rare monster: a floating spell-scroll unfurled into a hawk-silhouette of glowing runes, wings made entirely of inscribed parchment. RARITY: Rare. Ignore name. 3 views, 96x96 PNG, transparent BG, ≤5 KB."
856,Knightingale,Rare,false,3 static PNGs,"A mechanical bird-knight: armored avian with engraved breastplate, sword-beak, banner-tail flying behind.","Pokemon-style Rare monster: a mechanical bird-knight, armored avian with engraved breastplate, sword-beak, banner-tail flying behind. RARITY: Rare. Ignore name. 3 views, 96x96 PNG, transparent BG, ≤5 KB."
857,Vultune,Rare,false,3 static PNGs,"A vulture-shaped pile of weathered books — pages flutter as feathers, leather binding wraps the body, eye-glow from pages.","Pokemon-style Rare monster: a vulture-shaped pile of weathered books — pages fluttering as feathers, leather binding wrapping the body, eye-glow emanating from pages. RARITY: Rare. Ignore name. 3 views, 96x96 PNG, transparent BG, ≤5 KB."
862,Twilightingale,Rare,false,3 static PNGs,"A sentient evening-sky fragment — small cloud of dusk-hues with two glowing eyes, no fixed shape.","Pokemon-style Rare monster: a sentient evening-sky fragment, small cloud of dusk-hues with two glowing eyes, no fixed shape. RARITY: Rare. Ignore name. 3 views, 96x96 PNG, transparent BG, ≤5 KB."
863,Vaporc,Rare,false,3 static PNGs,"A piggish creature made entirely of steam, body holds shape only when running — at rest it dissipates into vague mist.","Pokemon-style Rare monster: a piggish creature made entirely of steam, body holding shape only when running — at rest it dissipates into vague mist. RARITY: Rare. Ignore name. 3 views, 96x96 PNG, transparent BG, ≤5 KB."
865,Mantygon,Rare,false,3 static PNGs,"A geometric praying-mantis with body composed of stacked polyhedra, prayer-arms folded, all edges sharp and faceted.","Pokemon-style Rare monster: a geometric praying-mantis with body of stacked polyhedra, prayer-arms folded, all edges sharp and faceted. RARITY: Rare. Ignore name. 3 views, 96x96 PNG, transparent BG, ≤5 KB."
866,Rhinonium,Rare,false,3 static PNGs,"A sentient bell — polished brass dome body, tongue-clapper as tail, rings out on impact. Two large eyes embedded in the dome.","Pokemon-style Rare monster: a sentient bell — polished brass dome body, tongue-clapper as tail, rings out on impact, two large eyes embedded in the dome. RARITY: Rare. Ignore name. 3 views, 96x96 PNG, transparent BG, ≤5 KB."
867,Mohawk,Rare,false,3 static PNGs,"A sentient sound-wave given form — snake-like body of visible sonic ripples, undulates rhythmically, no skin or bones, pure pulsation.","Pokemon-style Rare monster: a sentient sound-wave given form — snake-like body of visible sonic ripples, undulating rhythmically, no skin or bones, pure pulsation. RARITY: Rare. Ignore name. 3 views, 96x96 PNG, transparent BG, ≤5 KB."
870,Starish,Rare,false,3 static PNGs,"A small jellyfish-cathedral — transparent dome with internal star-map, trailing tentacles of liquid moonlight.","Pokemon-style Rare monster: a small jellyfish-cathedral — transparent dome with internal star-map, trailing tentacles of liquid moonlight. RARITY: Rare. Ignore name. 3 views, 96x96 PNG, transparent BG, ≤5 KB."
872,Mountida,Rare,false,3 static PNGs,"A walking rune-stone — stone slab with stubby arms and legs, glyphs glow in shifting patterns across the surface.","Pokemon-style Rare monster: a walking rune-stone — stone slab with stubby arms and legs, glyphs glowing in shifting patterns across the surface. RARITY: Rare. Ignore name. 3 views, 96x96 PNG, transparent BG, ≤5 KB."
875,Salamantis,Rare,false,3 static PNGs,"A coral-reef colony in long salamander-shape — hundreds of tiny mouths covering a sinuous body, each mouth blowing tiny bubbles.","Pokemon-style Rare monster: a coral-reef colony in long salamander-shape — hundreds of tiny mouths covering a sinuous body, each blowing tiny bubbles. RARITY: Rare. Ignore name. 3 views, 96x96 PNG, transparent BG, ≤5 KB."
877,Turtoy,Rare,false,3 static PNGs,"A clockwork tortoise — shell is a working clockface with spinning hands, gear-legs, key-tail wound by an unseen hand.","Pokemon-style Rare monster: a clockwork tortoise — shell is a clockface with spinning hands, gear-legs, key-tail wound by unseen hand. RARITY: Rare. Ignore name. 3 views, 96x96 PNG, transparent BG, ≤5 KB."
878,Vultaring,Rare,false,3 static PNGs,"A wreath-shaped sentient ring of vapor circling a hidden center, hovers without touching ground — empty in the middle.","Pokemon-style Rare monster: a wreath-shaped sentient ring of vapor circling a hidden center, hovering without ground contact, empty in the middle. RARITY: Rare. Ignore name. 3 views, 96x96 PNG, transparent BG, ≤5 KB."
880,Volteon,Rare,false,3 static PNGs,"A walking lightning-fork given humanoid form — body is pure plasma-arcs with three branching limbs, no flesh.","Pokemon-style Rare monster: a walking lightning-fork given humanoid form — body is pure plasma-arcs with three branching limbs, no flesh. RARITY: Rare. Ignore name. 3 views, 96x96 PNG, transparent BG, ≤5 KB."
882,Salamaniac,Rare,false,3 static PNGs,"A sentient candle — wax body, flame-head as expressive face, drips form a trailing path of solidified wax.","Pokemon-style Rare monster: a sentient candle — wax body, flame-head as expressive face, drips form a trailing path of solidified wax. RARITY: Rare. Ignore name. 3 views, 96x96 PNG, transparent BG, ≤5 KB."
884,Venophant,Rare,false,3 static PNGs,"A trumpet-shaped sound-creature — brass body with bell-mouth that emits visible musical-notes as floating glyphs.","Pokemon-style Rare monster: a trumpet-shaped sound-creature — brass body with bell-mouth emitting visible musical-notes as floating glyphs. RARITY: Rare. Ignore name. 3 views, 96x96 PNG, transparent BG, ≤5 KB."
885,Scorpidos,Rare,false,3 static PNGs,"A floating astrolabe-being — brass concentric rings orbit a central dark sphere, navigation-marks etched on rings.","Pokemon-style Rare monster: a floating astrolabe-being — brass concentric rings orbiting a central dark sphere, navigation-marks etched on rings. RARITY: Rare. Ignore name. 3 views, 96x96 PNG, transparent BG, ≤5 KB."
887,Rammite,Rare,false,3 static PNGs,"A pendulum-being — bell-shaped body swings on a spectral chain, clapper-tongue extends as a tongue when 'speaking'.","Pokemon-style Rare monster: a pendulum-being — bell-shaped body swinging on a spectral chain, clapper-tongue extending as a tongue when 'speaking'. RARITY: Rare. Ignore name. 3 views, 96x96 PNG, transparent BG, ≤5 KB."
888,Steelalo,Rare,false,3 static PNGs,"A walking suit of empty platemail with no body inside — only an inner blue flame visible through the helmet's visor.","Pokemon-style Rare monster: a walking suit of empty platemail with no body inside — only an inner blue flame visible through the helmet's visor. RARITY: Rare. Ignore name. 3 views, 96x96 PNG, transparent BG, ≤5 KB."
889,Wallanyte,Rare,false,3 static PNGs,"A sentient stained-glass window — pane-segmented body in colored shards, light projects as rainbow eye-beams from chest.","Pokemon-style Rare monster: a sentient stained-glass window — pane-segmented body in colored shards, light projecting as rainbow eye-beams from chest. RARITY: Rare. Ignore name. 3 views, 96x96 PNG, transparent BG, ≤5 KB."
894,Scorpike,Rare,false,3 static PNGs,"A geometric fractal-snowflake creature — 6-armed symmetric body, each arm a smaller copy of the whole.","Pokemon-style Rare monster: a geometric fractal-snowflake creature — 6-armed symmetric body, each arm a smaller copy of the whole. RARITY: Rare. Ignore name. 3 views, 96x96 PNG, transparent BG, ≤5 KB."
896,Parriot,Rare,false,3 static PNGs,"A walking fountain — stone basin body with constant water-arcs splashing into self, no organic creature visible.","Pokemon-style Rare monster: a walking fountain — stone basin body with constant water-arcs splashing into self, no organic creature visible. RARITY: Rare. Ignore name. 3 views, 96x96 PNG, transparent BG, ≤5 KB."
900,Nyghy,Rare,false,3 static PNGs,"A nocturnal pillow-creature — soft fabric body, sleeping eyes, drifts on silent dream-winds.","Pokemon-style Rare monster: a nocturnal pillow-creature — soft fabric body, sleeping eyes, drifting on silent dream-winds. RARITY: Rare. Ignore name. 3 views, 96x96 PNG, transparent BG, ≤5 KB."
901,Xuvra,Rare,false,3 static PNGs,"A weather-vane spirit — arrow-shaped head, four-pointed body, rotates with wind direction, pointer-eyes.","Pokemon-style Rare monster: a weather-vane spirit — arrow-shaped head, four-pointed body, rotating with wind direction, pointer-eyes. RARITY: Rare. Ignore name. 3 views, 96x96 PNG, transparent BG, ≤5 KB."
903,Piannin,Rare,false,3 static PNGs,"A walking treble-clef — musical-symbol body, ribbon-tail of sheet-music trailing behind, ink-eyes.","Pokemon-style Rare monster: a walking treble-clef — musical-symbol body, ribbon-tail of sheet-music trailing behind, ink-eyes. RARITY: Rare. Ignore name. 3 views, 96x96 PNG, transparent BG, ≤5 KB."
905,Zoracrynth,Rare,false,3 static PNGs,"A bioluminescent deep-sea ribbon-eel — meter-long translucent body, internal organs glowing through skin like a moving x-ray.","Pokemon-style Rare monster: a bioluminescent deep-sea ribbon-eel — meter-long translucent body, internal organs glowing through skin like a moving x-ray. RARITY: Rare. Ignore name. 3 views, 96x96 PNG, transparent BG, ≤5 KB."
909,Ymmiss,Rare,false,3 static PNGs,"A sentient mirror — oval body shows reflection of the viewer, only the ornate frame is solid; inside reflects whatever stands before.","Pokemon-style Rare monster: a sentient mirror — oval body shows reflection of the viewer, only the ornate frame is solid; inside reflects whatever stands before. RARITY: Rare. Ignore name. 3 views, 96x96 PNG, transparent BG, ≤5 KB."
913,Yrvador,Rare,false,3 static PNGs,"A walking lighthouse-spirit — column body with rotating beacon-eye on top sweeping a beam across the scene.","Pokemon-style Rare monster: a walking lighthouse-spirit — column body with rotating beacon-eye on top sweeping a beam across the scene. ANIMATION HINT: beam rotates. RARITY: Rare. Ignore name. 3 views, 96x96 PNG, transparent BG, ≤5 KB."
914,Perrinth,Rare,false,3 static PNGs,"A petrified-tree mannequin — bark-skinned humanoid with branch-arms, hollow chest revealing inner glow of resin.","Pokemon-style Rare monster: a petrified-tree mannequin — bark-skinned humanoid with branch-arms, hollow chest revealing inner glow of resin. RARITY: Rare. Ignore name. 3 views, 96x96 PNG, transparent BG, ≤5 KB."
915,Qimeg,Rare,false,3 static PNGs,"An elastic gel-being — stretches and contracts, shape changes constantly, internal eye floats freely inside the gel.","Pokemon-style Rare monster: an elastic gel-being — stretching and contracting, shape changing constantly, internal eye floating freely inside the gel. RARITY: Rare. Ignore name. 3 views, 96x96 PNG, transparent BG, ≤5 KB."
916,Ysyrth,Rare,false,3 static PNGs,"A sentient suit of court-jester motley — floating empty costume, bells jingle on the collar, no head visible above the ruffled neckline.","Pokemon-style Rare monster: a sentient suit of court-jester motley — floating empty costume, bells jingling on the collar, no head visible above the ruffled neckline. RARITY: Rare. Ignore name. 3 views, 96x96 PNG, transparent BG, ≤5 KB."
917,Kuzayn,Rare,false,3 static PNGs,"A walking weathervane-rooster of polished copper, wind ruffles the metallic feather-decorations, body taut and animate.","Pokemon-style Rare monster: a walking weathervane-rooster of polished copper, wind ruffling metallic feather-decorations, body taut and animate. RARITY: Rare. Ignore name. 3 views, 96x96 PNG, transparent BG, ≤5 KB."
918,Ziervier,Rare,false,3 static PNGs,"A swarm-creature — thousands of tiny wings flock together to form a vague humanoid silhouette, individual wings visible at silhouette edge.","Pokemon-style Rare monster: a swarm-creature — thousands of tiny wings flocking together into a vague humanoid silhouette, individual wings visible at the edge. RARITY: Rare. Ignore name. 3 views, 96x96 PNG, transparent BG, ≤5 KB."
921,Yrvon,Rare,false,3 static PNGs,"A walking pillar of granite-blocks stacked precariously, eyes peer out from gaps between stones, blocks shift while moving.","Pokemon-style Rare monster: a walking pillar of granite-blocks stacked precariously, eyes peering from gaps between stones, blocks shifting as it moves. RARITY: Rare. Ignore name. 3 views, 96x96 PNG, transparent BG, ≤5 KB."
925,Qudrayrreit,Rare,false,3 static PNGs,"A sentient hourglass — two glass bulbs joined at narrow neck, sand pours visibly through, an internal eye drifts with the sand-flow.","Pokemon-style Rare monster: a sentient hourglass — two glass bulbs joined at narrow neck, sand pouring visibly through, internal eye drifting with the flow. ANIMATION HINT: sand grains stream. RARITY: Rare. Ignore name. 3 views, 96x96 PNG, transparent BG, ≤5 KB."
926,Qeombenth,Rare,false,3 static PNGs,"A coral-grown skeleton-fish — bone structure visible, coral colonies sprouting from rib-cage, pulsing internal organs visible through gaps.","Pokemon-style Rare monster: a coral-grown skeleton-fish — bone structure visible, coral colonies sprouting from rib-cage, pulsing internal organs visible through gaps. RARITY: Rare. Ignore name. 3 views, 96x96 PNG, transparent BG, ≤5 KB."
929,Zunnum,Rare,false,3 static PNGs,"A walking pyramid — golden geometric body, eye floats at the apex, base levitates above ground without legs.","Pokemon-style Rare monster: a walking pyramid — golden geometric body, eye floats at the apex, base levitating above ground without legs. RARITY: Rare. Ignore name. 3 views, 96x96 PNG, transparent BG, ≤5 KB."
931,Romby,Rare,false,3 static PNGs,"A floating pufferfish-zeppelin — rotund inflated body with internal lights, fins like rudders, no fish-mouth (only an air-vent).","Pokemon-style Rare monster: a floating pufferfish-zeppelin — rotund inflated body with internal lights, fins like rudders, no fish-mouth (only an air-vent). RARITY: Rare. Ignore name. 3 views, 96x96 PNG, transparent BG, ≤5 KB."
935,Zurgan,Rare,false,3 static PNGs,"A two-headed cobra-clock — snake body wrapped around a clock-face, second-hand serves as a flickering tongue.","Pokemon-style Rare monster: a two-headed cobra-clock — snake body wrapped around a clock-face, second-hand serving as a flickering tongue. RARITY: Rare. Ignore name. 3 views, 96x96 PNG, transparent BG, ≤5 KB."
938,Pursen,Rare,false,3 static PNGs,"A walking purse-creature — leather pouch-body with tiny legs, mouth-zipper opens to reveal glittering interior treasure-eyes.","Pokemon-style Rare monster: a walking purse-creature — leather pouch-body with tiny legs, mouth-zipper opens to reveal glittering interior treasure-eyes. RARITY: Rare. Ignore name. 3 views, 96x96 PNG, transparent BG, ≤5 KB."
939,Ymbaintys,Rare,false,3 static PNGs,"A sentient typhoon-eye — spiraling cloud-walls surround a single central calm-eye, no body inside the storm.","Pokemon-style Rare monster: a sentient typhoon-eye — spiraling cloud-walls surround a single central calm-eye, no body inside the storm. RARITY: Rare. Ignore name. 3 views, 96x96 PNG, transparent BG, ≤5 KB."
941,Kylbodar,Rare,false,3 static PNGs,"A clockwork beetle-tank — brass-armored carapace with rotating gears, smokestacks for antennae, pistons for legs.","Pokemon-style Rare monster: a clockwork beetle-tank — brass-armored carapace with rotating gears, smokestacks for antennae, pistons for legs. RARITY: Rare. Ignore name. 3 views, 96x96 PNG, transparent BG, ≤5 KB."
942,Katairag,Rare,false,3 static PNGs,"A walking compass-rose — cardinal-direction-arms point outward, central pivot eye, brass star-pattern body.","Pokemon-style Rare monster: a walking compass-rose — cardinal-direction-arms pointing outward, central pivot eye, brass star-pattern body. RARITY: Rare. Ignore name. 3 views, 96x96 PNG, transparent BG, ≤5 KB."
943,Norsentiag,Rare,false,3 static PNGs,"A sentient pearl — large iridescent sphere-body with gentle ripples on surface, internal void with a single eye floating in the middle.","Pokemon-style Rare monster: a sentient pearl — large iridescent sphere-body with gentle ripples on surface, internal void with a single eye floating in the middle. RARITY: Rare. Ignore name. 3 views, 96x96 PNG, transparent BG, ≤5 KB."
944,Qenurriam,Rare,false,3 static PNGs,"A walking abacus — bead-rows form the body, beads slide visibly as it counts the world, no organic features.","Pokemon-style Rare monster: a walking abacus — bead-rows forming the body, beads sliding visibly as it counts the world, no organic features. RARITY: Rare. Ignore name. 3 views, 96x96 PNG, transparent BG, ≤5 KB."
945,Usim,Rare,false,3 static PNGs,"A glass-blown spider — transparent body filled with swirling mist, web-strands of cooled glass extending from spinnerets.","Pokemon-style Rare monster: a glass-blown spider — transparent body filled with swirling mist, web-strands of cooled glass extending from spinnerets. RARITY: Rare. Ignore name. 3 views, 96x96 PNG, transparent BG, ≤5 KB."
946,Tumru,Rare,false,3 static PNGs,"A walking sundial — stone disc body, gnomon-spike for spine, the cast-shadow on the disc is the creature's familiar.","Pokemon-style Rare monster: a walking sundial — stone disc body, gnomon-spike for spine, cast-shadow on the disc serves as the creature's familiar. RARITY: Rare. Ignore name. 3 views, 96x96 PNG, transparent BG, ≤5 KB."
949,Qyvros,Rare,false,3 static PNGs,"A walking quill-feather — oversized feathered shaft, ink-drop tail, writes itself across the air leaving glowing letter-trails.","Pokemon-style Rare monster: a walking quill-feather — oversized feathered shaft, ink-drop tail, writes itself across the air leaving glowing letter-trails. RARITY: Rare. Ignore name. 3 views, 96x96 PNG, transparent BG, ≤5 KB."