"id","name","rarity","legendary_tier","unique_per_save","npc_legal","pvp_default_legal","primary_element","secondary_element","growth_curve","base_vigor","base_force","base_focus","base_guard","base_ward","base_tempo","base_stat_total","base_xp_yield","catch_rate","evolution_stage","evolves_to","evolves_at_level","capture_method","habitat","instinct","field_tag"
"E001","Vulkid","common","normal","false","true","true","ember","","fast","49","46","50","51","54","57","307","71","146","1","E002","17","habitat_prism","coast","Pressure Vein","ember"
"E002","Reeva","common","normal","false","true","true","tide","","fast","58","59","66","38","45","48","314","72","147","2","E003","36","element_prism","farmland","Rain Listener","tide"
"E003","Mosslyn","common","normal","false","true","true","verdance","metal","fast","60","65","45","52","62","37","321","73","148","3","","","bond_event","marsh","Root Memory","verdance_metal"
"E004","Flickit","common","normal","false","true","true","stone","","fast","70","47","60","39","52","60","328","74","149","1","E005","20","quest_attunement","industrial","Stone Nerve","stone"
"E005","Pebbun","uncommon","normal","false","true","true","gale","","medium","71","79","59","79","55","72","415","130","100","2","E006","39","dungeon_finale","archive","Sky Step","gale"
"E006","Glimlet","common","normal","false","true","true","spark","mind","fast","61","71","59","43","65","43","342","76","151","3","","","clear_prism","volcanic_port","Static Nerve","spark_mind"
"E007","Nibvolt","common","normal","false","true","true","frost","","fast","64","45","69","58","48","65","349","77","152","1","E008","17","habitat_prism","canopy","Cold Focus","frost"
"E008","Reedle","common","normal","false","true","true","metal","","fast","74","57","53","44","72","56","356","78","153","2","E009","34","element_prism","desert","Iron Rhythm","metal"
"E009","Ashmole","common","normal","false","true","true","shade","tide","fast","46","58","57","53","50","38","302","79","154","3","","","bond_event","mountain","Night Sense","shade_tide"
"E010","Whisprill","uncommon","normal","false","true","true","radiant","","medium","78","58","62","58","58","90","404","135","105","1","E011","20","quest_attunement","wetland_tower","Lumen Guard","radiant"
"E011","Lurkite","common","normal","false","true","true","mind","","fast","57","47","52","54","57","49","316","81","156","2","E012","37","dungeon_finale","monastery_cliffs","Future Trace","mind"
"E012","Bronzawn","common","normal","false","true","true","echo","gale","fast","72","65","42","46","53","45","323","82","157","3","","","clear_prism","storm_harbor","Signal Bloom","echo_gale"
"E013","Snowlume","common","normal","false","true","true","ember","","fast","53","43","57","65","40","72","330","83","158","1","E014","17","habitat_prism","mining_city","Pressure Vein","ember"
"E014","Mindle","common","normal","false","true","true","tide","","fast","57","51","67","46","59","57","337","84","159","2","E015","40","element_prism","suspended_bridges","Rain Listener","tide"
"E015","Corren","uncommon","normal","false","true","true","verdance","metal","medium","76","72","59","76","55","55","393","140","110","3","","","bond_event","reclaimed_war_zone","Root Memory","verdance_metal"
"E016","Siltjaw","common","normal","false","true","true","stone","","fast","63","64","57","42","61","64","351","86","161","1","E017","20","quest_attunement","flooded_ruins","Stone Nerve","stone"
"E017","Verdirn","rare","normal","false","true","true","gale","","slow","76","74","67","98","82","90","487","187","72","2","E018","35","dungeon_finale","trade_city","Sky Step","gale"
"E018","Echorn","common","normal","false","true","true","spark","mind","fast","56","57","56","47","40","48","304","88","163","3","","","clear_prism","forge_city","Static Nerve","spark_mind"
"E019","Myrkit","common","normal","false","true","true","frost","","fast","49","53","55","51","48","55","311","89","164","1","E020","17","habitat_prism","abandoned_relay","Cold Focus","frost"
"E020","Nulling","uncommon","normal","false","true","true","metal","","medium","81","54","61","57","57","72","382","145","115","2","E021","38","element_prism","night_marsh","Iron Rhythm","metal"
"E021","Sablisk","common","normal","false","true","true","shade","tide","fast","45","51","59","61","64","45","325","91","166","3","","","bond_event","frozen_music_city","Night Sense","shade_tide"
"E022","Ferronar","common","normal","false","true","true","radiant","","fast","59","69","49","53","60","42","332","92","167","1","E023","20","quest_attunement","capital","Lumen Guard","radiant"
"E023","Lunaveil","common","normal","false","true","true","mind","","fast","62","44","60","68","44","61","339","93","168","2","E024","41","dungeon_finale","old_fortress","Future Trace","mind"
"E024","Galdra","common","normal","false","true","true","echo","gale","fast","72","56","43","54","68","53","346","94","169","3","","","clear_prism","greenhouse_port","Signal Bloom","echo_gale"
"E025","Rootmaw","uncommon","normal","false","true","true","ember","","medium","62","80","70","88","66","51","417","150","120","1","E026","17","habitat_prism","sealed_border","Pressure Vein","ember"
"E026","Tideglass","common","normal","false","true","true","tide","","fast","62","47","77","59","43","72","360","96","171","2","E027","36","element_prism","golden_tower","Rain Listener","tide"
"E027","Velkrin","common","normal","false","true","true","verdance","metal","fast","55","45","44","62","53","47","306","97","172","3","","","bond_event","arena_island","Root Memory","verdance_metal"
"E028","Oracalf","common","normal","false","true","true","stone","","fast","64","57","59","50","44","39","313","98","173","1","E029","20","quest_attunement","lower_archive","Stone Nerve","stone"
"E029","Cindrill","common","normal","false","true","true","gale","","fast","42","62","38","62","59","57","320","99","174","2","E030","39","dungeon_finale","corrupted_city","Sky Step","gale"
"E030","Brinemoth","uncommon","normal","false","true","true","spark","mind","medium","68","61","72","68","68","69","406","125","125","3","","","clear_prism","restored_hub","Static Nerve","spark_mind"
"E031","Thornox","common","normal","false","true","true","frost","","fast","65","63","75","40","44","47","334","101","176","1","E032","17","habitat_prism","coast","Cold Focus","frost"
"E032","Glazetail","common","normal","false","true","true","metal","","fast","61","62","48","51","57","62","341","102","177","2","E033","34","element_prism","farmland","Iron Rhythm","metal"
"E033","Sparrook","common","normal","false","true","true","shade","tide","fast","54","53","75","45","56","65","348","103","178","3","","","bond_event","marsh","Night Sense","shade_tide"
"E034","Mirelynx","rare","normal","false","true","true","radiant","","slow","79","82","69","83","103","67","483","179","89","1","E035","20","quest_attunement","industrial","Lumen Guard","radiant"
"E035","Basalisk","uncommon","normal","false","true","true","mind","","medium","67","74","67","45","64","78","395","130","130","2","E036","37","dungeon_finale","archive","Future Trace","mind"
"E036","Aurabeet","common","normal","false","true","true","echo","gale","fast","66","44","41","57","44","56","308","106","181","3","","","clear_prism","volcanic_port","Signal Bloom","echo_gale"
"E037","Duskrill","common","normal","false","true","true","ember","","fast","48","55","56","42","66","48","315","107","182","1","E038","17","habitat_prism","canopy","Pressure Vein","ember"
"E038","Chimefin","common","normal","false","true","true","tide","","fast","47","56","60","52","46","61","322","108","183","2","E039","40","element_prism","desert","Rain Listener","tide"
"E039","Flintusk","common","normal","false","true","true","verdance","metal","fast","67","47","56","48","44","67","329","109","184","3","","","bond_event","mountain","Root Memory","verdance_metal"
"E040","Mossgale","uncommon","normal","false","true","true","stone","","medium","72","57","69","66","66","54","384","135","135","1","E041","20","quest_attunement","wetland_tower","Stone Nerve","stone"
"E041","Veyrmite","common","normal","false","true","true","gale","","fast","57","75","55","53","57","46","343","111","186","2","E042","35","dungeon_finale","monastery_cliffs","Sky Step","gale"
"E042","Opalyn","common","normal","false","true","true","spark","mind","fast","50","67","54","58","64","57","350","112","187","3","","","clear_prism","storm_harbor","Static Nerve","spark_mind"
"E043","Coppershell","common","normal","false","true","true","frost","","fast","64","53","77","48","60","55","357","113","188","1","E044","17","habitat_prism","mining_city","Cold Focus","frost"
"E044","Rillshade","common","normal","false","true","true","metal","","fast","62","56","50","59","39","37","303","114","189","2","E045","38","element_prism","suspended_bridges","Iron Rhythm","metal"
"E045","Sunquill","uncommon","normal","false","true","true","shade","tide","medium","55","82","78","55","75","74","419","140","95","3","","","bond_event","reclaimed_war_zone","Night Sense","shade_tide"
"E046","Frosthorn","common","normal","false","true","true","radiant","","fast","53","48","48","65","51","52","317","71","191","1","E047","20","quest_attunement","flooded_ruins","Lumen Guard","radiant"
"E047","Wirevole","common","normal","false","true","true","mind","","fast","56","55","59","45","69","40","324","72","192","2","E048","41","dungeon_finale","trade_city","Future Trace","mind"
"E048","Stonefin","common","normal","false","true","true","echo","gale","fast","59","61","39","59","53","60","331","73","193","3","","","clear_prism","forge_city","Signal Bloom","echo_gale"
"E049","Murkawn","common","normal","false","true","true","ember","","fast","76","48","59","51","48","56","338","74","194","1","E050","17","habitat_prism","abandoned_relay","Pressure Vein","ember"
"E050","Bellroot","uncommon","normal","false","true","true","tide","","medium","60","64","80","77","77","50","408","145","100","2","E051","36","element_prism","night_marsh","Rain Listener","tide"
"E051","Axolume","rare","normal","false","true","true","verdance","metal","slow","81","90","71","69","74","94","479","171","71","3","","","bond_event","frozen_music_city","Root Memory","verdance_metal"
"E052","Emberlyn","common","normal","false","true","true","stone","","fast","69","46","69","72","43","60","359","77","197","1","E053","20","quest_attunement","capital","Stone Nerve","stone"
"E053","Galebit","common","normal","false","true","true","gale","","fast","66","49","43","48","57","42","305","78","198","2","E054","39","dungeon_finale","old_fortress","Sky Step","gale"
"E054","Glintoad","common","normal","false","true","true","spark","mind","fast","45","54","51","60","42","60","312","79","199","3","","","clear_prism","greenhouse_port","Static Nerve","spark_mind"
"E055","Reedstag","uncommon","normal","false","true","true","frost","","medium","72","51","51","65","87","71","397","150","105","1","E056","17","habitat_prism","sealed_border","Cold Focus","frost"
"E056","Ironpup","common","normal","false","true","true","metal","","fast","61","48","51","67","54","45","326","81","201","2","E057","34","element_prism","golden_tower","Iron Rhythm","metal"
"E057","Shadekin","common","normal","false","true","true","shade","tide","fast","64","55","61","49","39","65","333","82","202","3","","","bond_event","arena_island","Night Sense","shade_tide"
"E058","Mindmoth","common","normal","false","true","true","radiant","","fast","47","65","45","66","60","57","340","83","203","1","E059","20","quest_attunement","lower_archive","Lumen Guard","radiant"
"E059","Voltcrab","common","normal","false","true","true","mind","","fast","62","52","67","59","55","52","347","84","204","2","E060","37","dungeon_finale","corrupted_city","Future Trace","mind"
"E060","Sootwing","uncommon","normal","false","true","true","echo","gale","medium","88","80","60","52","52","54","386","125","110","3","","","clear_prism","restored_hub","Signal Bloom","echo_gale"
"E061","Tidepup","common","normal","false","true","true","ember","","fast","57","55","46","45","48","49","300","86","206","1","E062","17","habitat_prism","coast","Pressure Vein","ember"
"E062","Verdillo","common","normal","false","true","true","tide","","fast","51","47","71","40","47","51","307","87","207","2","E063","40","element_prism","farmland","Rain Listener","tide"
"E063","Rubblejaw","common","normal","false","true","true","verdance","metal","fast","54","53","49","54","64","40","314","88","208","3","","","bond_event","marsh","Root Memory","verdance_metal"
"E064","Lumenhare","common","normal","false","true","true","stone","","fast","58","60","59","37","49","58","321","89","209","1","E065","20","quest_attunement","industrial","Stone Nerve","stone"
"E065","Echofawn","uncommon","normal","false","true","true","gale","","medium","94","59","63","79","55","71","421","130","115","2","E066","35","dungeon_finale","archive","Sky Step","gale"
"E066","Frostkit","common","normal","false","true","true","spark","mind","fast","54","58","65","45","68","45","335","91","211","3","","","clear_prism","volcanic_port","Static Nerve","spark_mind"
"E067","Brinewing","common","normal","false","true","true","frost","","fast","58","65","42","61","50","66","342","92","212","1","E068","17","habitat_prism","canopy","Cold Focus","frost"
"E068","Thornray","rare","normal","false","true","true","metal","","slow","92","60","80","62","103","78","475","188","88","2","E069","38","element_prism","desert","Iron Rhythm","metal"
"E069","Sparkferret","common","normal","false","true","true","shade","tide","fast","71","52","69","62","58","44","356","94","214","3","","","bond_event","mountain","Night Sense","shade_tide"
"E070","Basalthorn","uncommon","normal","false","true","true","radiant","","medium","65","80","65","57","57","86","410","135","120","1","E071","20","quest_attunement","wetland_tower","Lumen Guard","radiant"
"E071","Glowmole","common","normal","false","true","true","mind","","fast","46","59","52","51","54","47","309","96","146","2","E072","41","dungeon_finale","monastery_cliffs","Future Trace","mind"
"E072","Shadefin","common","normal","false","true","true","echo","gale","fast","66","52","47","48","55","48","316","97","147","3","","","clear_prism","storm_harbor","Signal Bloom","echo_gale"
"E073","Copperkite","common","normal","false","true","true","ember","","fast","62","53","52","57","35","64","323","98","148","1","E074","17","habitat_prism","mining_city","Pressure Vein","ember"
"E074","Rimevole","common","normal","false","true","true","tide","","fast","46","64","67","43","56","54","330","99","149","2","E075","36","element_prism","suspended_bridges","Rain Listener","tide"
"E075","Myrraven","uncommon","normal","false","true","true","verdance","metal","medium","71","60","67","82","60","59","399","140","125","3","","","bond_event","reclaimed_war_zone","Root Memory","verdance_metal"
"E076","Ashbloom","common","normal","false","true","true","stone","","fast","57","53","61","44","63","66","344","101","151","1","E077","20","quest_attunement","flooded_ruins","Stone Nerve","stone"
"E077","Seaglassel","common","normal","false","true","true","gale","","fast","66","65","46","63","53","58","351","102","152","2","E078","39","dungeon_finale","trade_city","Sky Step","gale"
"E078","Windleap","common","normal","false","true","true","spark","mind","fast","59","54","74","59","51","61","358","103","153","3","","","clear_prism","forge_city","Static Nerve","spark_mind"
"E079","Rootfinch","common","normal","false","true","true","frost","","fast","47","47","36","57","54","63","304","104","154","1","E080","17","habitat_prism","abandoned_relay","Cold Focus","frost"
"E080","Moltusk","uncommon","normal","false","true","true","metal","","medium","70","73","63","56","56","70","388","145","130","2","E081","34","element_prism","night_marsh","Iron Rhythm","metal"
"E081","Prismole","common","normal","false","true","true","shade","tide","fast","59","36","60","59","62","42","318","106","156","3","","","bond_event","frozen_music_city","Night Sense","shade_tide"
"E082","Duskhound","common","normal","false","true","true","radiant","","fast","52","57","55","55","63","43","325","107","157","1","E083","20","quest_attunement","capital","Lumen Guard","radiant"
"E083","Voltlynx","common","normal","false","true","true","mind","","fast","51","58","59","64","41","59","332","108","158","2","E084","37","dungeon_finale","old_fortress","Future Trace","mind"
"E084","Frosteel","common","normal","false","true","true","echo","gale","fast","59","70","44","51","64","51","339","109","159","3","","","clear_prism","greenhouse_port","Signal Bloom","echo_gale"
"E085","Auricub","rare","normal","false","true","true","ember","","slow","93","69","81","97","73","58","471","180","70","1","E086","17","habitat_prism","sealed_border","Pressure Vein","ember"
"E086","Siltshell","common","normal","false","true","true","tide","","fast","50","63","76","56","41","67","353","111","161","2","E087","40","element_prism","golden_tower","Rain Listener","tide"
"E087","Charrat","common","normal","false","true","true","verdance","metal","fast","53","69","53","71","60","54","360","112","162","3","","","bond_event","arena_island","Root Memory","verdance_metal"
"E088","Mindjaw","common","normal","false","true","true","stone","","fast","58","45","64","52","45","42","306","113","163","1","E089","20","quest_attunement","lower_archive","Stone Nerve","stone"
"E089","Reedwhale","common","normal","false","true","true","gale","","fast","55","47","39","60","57","55","313","114","164","2","E090","35","dungeon_finale","corrupted_city","Sky Step","gale"
"E090","Skypincer","uncommon","normal","false","true","true","spark","mind","medium","56","81","74","67","67","67","412","125","95","3","","","clear_prism","restored_hub","Static Nerve","spark_mind"
"E091","Lumidrake","common","normal","false","true","true","frost","","fast","65","55","52","47","52","56","327","71","166","1","E092","17","habitat_prism","coast","Cold Focus","frost"
"E092","Bramblet","common","normal","false","true","true","metal","","fast","55","51","52","53","59","64","334","72","167","2","E093","38","element_prism","farmland","Iron Rhythm","metal"
"E093","Embertoad","common","normal","false","true","true","shade","tide","fast","65","64","68","39","49","56","341","73","168","3","","","bond_event","marsh","Night Sense","shade_tide"
"E094","Nulltick","common","normal","false","true","true","radiant","","fast","74","43","52","59","73","47","348","74","169","1","E095","20","quest_attunement","industrial","Lumen Guard","radiant"
"E095","Galestone","uncommon","normal","false","true","true","mind","","medium","62","62","76","48","69","84","401","130","100","2","E096","41","dungeon_finale","archive","Future Trace","mind"
"E096","Tidemane","common","normal","false","true","true","echo","gale","fast","54","57","42","54","41","53","301","76","171","3","","","clear_prism","volcanic_port","Signal Bloom","echo_gale"
"E097","Shiverfin","common","normal","false","true","true","ember","","fast","57","63","51","37","58","42","308","77","172","1","E098","17","habitat_prism","canopy","Pressure Vein","ember"
"E098","Ironmoth","common","normal","false","true","true","tide","","fast","60","42","60","50","44","59","315","78","173","2","E099","36","element_prism","desert","Rain Listener","tide"
"E099","Echolisk","common","normal","false","true","true","verdance","metal","fast","54","63","56","45","41","63","322","79","174","3","","","bond_event","mountain","Root Memory","verdance_metal"
"E100","Verdantle","uncommon","normal","false","true","true","stone","","medium","62","74","71","65","65","53","390","135","105","1","E101","20","quest_attunement","wetland_tower","Stone Nerve","stone"
"E101","Ashmantle","common","normal","false","true","true","gale","","fast","75","55","56","51","55","44","336","81","176","2","E102","39","dungeon_finale","monastery_cliffs","Sky Step","gale"
"E102","Glimmeray","rare","normal","false","true","true","spark","mind","slow","86","70","75","76","84","76","467","172","87","3","","","clear_prism","storm_harbor","Static Nerve","spark_mind"
"E103","Sparkmole","common","normal","false","true","true","frost","","fast","57","75","48","51","62","57","350","83","178","1","E104","17","habitat_prism","mining_city","Cold Focus","frost"
"E104","Shadebuck","common","normal","false","true","true","metal","","fast","67","53","66","74","50","47","357","84","179","2","E105","34","element_prism","suspended_bridges","Iron Rhythm","metal"
"E105","Frosthare","uncommon","normal","false","true","true","shade","tide","medium","75","65","82","54","75","74","425","140","110","3","","","bond_event","reclaimed_war_zone","Night Sense","shade_tide"
"E106","Copperfin","common","normal","false","true","true","radiant","","fast","61","57","45","56","44","47","310","86","181","1","E107","20","quest_attunement","flooded_ruins","Lumen Guard","radiant"
"E107","Rootcoil","common","normal","false","true","true","mind","","fast","50","43","64","47","71","42","317","87","182","2","E108","37","dungeon_finale","trade_city","Future Trace","mind"
"E108","Mindvole","common","normal","false","true","true","echo","gale","fast","53","50","43","62","55","61","324","88","183","3","","","clear_prism","forge_city","Signal Bloom","echo_gale"
"E109","Galerusk","common","normal","false","true","true","ember","","fast","63","62","59","48","45","54","331","89","184","1","E110","17","habitat_prism","abandoned_relay","Pressure Vein","ember"
"E110","Brinekit","uncommon","normal","false","true","true","tide","","medium","88","51","51","84","84","56","414","145","115","2","E111","40","element_prism","night_marsh","Rain Listener","tide"
"E111","Sootstag","common","normal","false","true","true","verdance","metal","fast","53","54","57","53","57","71","345","91","186","3","","","bond_event","frozen_music_city","Root Memory","verdance_metal"
"E112","Lumenjaw","common","normal","false","true","true","stone","","fast","57","61","68","69","40","57","352","92","187","1","E113","20","quest_attunement","capital","Stone Nerve","stone"
"E113","Stonequill","common","normal","false","true","true","gale","","fast","66","74","52","54","65","48","359","93","188","2","E114","35","dungeon_finale","old_fortress","Sky Step","gale"
"E114","Veyrfin","common","normal","false","true","true","spark","mind","fast","58","40","52","58","40","57","305","94","189","3","","","clear_prism","greenhouse_port","Static Nerve","spark_mind"
"E115","Thundawn","uncommon","normal","false","true","true","frost","","medium","60","71","53","64","85","70","403","150","120","1","E116","17","habitat_prism","sealed_border","Cold Focus","frost"
"E116","Marshlyn","common","normal","false","true","true","metal","","fast","50","61","51","63","51","43","319","96","191","2","E117","38","element_prism","golden_tower","Iron Rhythm","metal"
"E117","Rimebeak","common","normal","false","true","true","shade","tide","fast","59","43","66","50","41","67","326","97","192","3","","","bond_event","arena_island","Night Sense","shade_tide"
"E118","Flarehorn","common","normal","false","true","true","radiant","","fast","61","50","46","64","58","54","333","98","193","1","E119","20","quest_attunement","lower_archive","Lumen Guard","radiant"
"E119","Opalcrab","rare","normal","false","true","true","mind","","slow","68","91","90","76","71","67","463","189","69","2","E120","41","dungeon_finale","corrupted_city","Future Trace","mind"
"E120","Duskmant","uncommon","normal","false","true","true","echo","gale","medium","84","66","70","57","57","58","392","125","125","3","","","clear_prism","restored_hub","Signal Bloom","echo_gale"
"E121","Verdusk","common","normal","false","true","true","ember","","fast","62","54","60","56","60","62","354","101","196","1","E122","17","habitat_prism","coast","Pressure Vein","ember"
"E122","Bellflare","common","normal","false","true","true","tide","","fast","66","62","40","38","45","49","300","102","197","2","E123","36","element_prism","farmland","Rain Listener","tide"
"E123","Sparkjaw","common","normal","false","true","true","verdance","metal","fast","48","41","54","57","67","40","307","103","198","3","","","bond_event","marsh","Root Memory","verdance_metal"
"E124","Frostbloom","common","normal","false","true","true","stone","","fast","52","48","64","38","51","61","314","104","199","1","E125","20","quest_attunement","industrial","Stone Nerve","stone"
"E125","Ironreed","uncommon","normal","false","true","true","gale","","medium","72","72","58","69","48","62","381","130","130","2","E126","39","dungeon_finale","archive","Sky Step","gale"
"E126","Tidehorn","common","normal","false","true","true","spark","mind","fast","64","67","60","39","59","39","328","106","201","3","","","clear_prism","volcanic_port","Static Nerve","spark_mind"
"E127","Mindroot","common","normal","false","true","true","frost","","fast","51","52","47","63","52","70","335","107","202","1","E128","17","habitat_prism","canopy","Cold Focus","frost"
"E128","Galehare","common","normal","false","true","true","metal","","fast","55","60","58","43","71","55","342","108","203","2","E129","34","element_prism","desert","Iron Rhythm","metal"
"E129","Cindershell","common","normal","false","true","true","shade","tide","fast","59","66","69","59","55","41","349","109","204","3","","","bond_event","mountain","Night Sense","shade_tide"
"E130","Lumespire","uncommon","normal","false","true","true","radiant","","medium","87","61","68","57","57","86","416","135","135","1","E131","20","quest_attunement","wetland_tower","Lumen Guard","radiant"
"E131","Shadevole","common","normal","false","true","true","mind","","fast","40","48","56","53","56","49","302","111","206","2","E132","37","dungeon_finale","monastery_cliffs","Future Trace","mind"
"E132","Basalfin","common","normal","false","true","true","echo","gale","fast","54","66","47","45","52","45","309","112","207","3","","","clear_prism","storm_harbor","Signal Bloom","echo_gale"
"E133","Echobit","common","normal","false","true","true","ember","","fast","57","42","57","59","36","65","316","113","208","1","E134","17","habitat_prism","mining_city","Pressure Vein","ember"
"E134","Bronzetail","common","normal","false","true","true","tide","","fast","66","54","42","46","59","56","323","114","209","2","E135","40","element_prism","suspended_bridges","Rain Listener","tide"
"E135","Mirehorn","uncommon","normal","false","true","true","verdance","metal","medium","58","80","69","80","58","60","405","140","95","3","","","bond_event","reclaimed_war_zone","Root Memory","verdance_metal"
"E136","Snowcrab","rare","normal","false","true","true","stone","","slow","70","55","90","62","90","92","459","181","86","1","E137","20","quest_attunement","flooded_ruins","Stone Nerve","stone"
"E137","Voltwing","common","normal","false","true","true","gale","","fast","60","52","51","66","55","60","344","72","212","2","E138","35","dungeon_finale","trade_city","Sky Step","gale"
"E138","Thornmole","common","normal","false","true","true","spark","mind","fast","70","66","68","52","44","51","351","73","213","3","","","clear_prism","forge_city","Static Nerve","spark_mind"
"E139","Ashraven","common","normal","false","true","true","frost","","fast","66","66","41","61","58","66","358","74","214","1","E140","17","habitat_prism","abandoned_relay","Cold Focus","frost"
"E140","Prismfin","uncommon","normal","false","true","true","metal","","medium","64","61","72","61","61","75","394","145","100","2","E141","38","element_prism","night_marsh","Iron Rhythm","metal"
"E141","Rootpup","common","normal","false","true","true","shade","tide","fast","48","49","59","56","58","41","311","76","146","3","","","bond_event","frozen_music_city","Night Sense","shade_tide"
"E142","Sablekit","common","normal","false","true","true","radiant","","fast","62","66","50","48","55","37","318","77","147","1","E143","20","quest_attunement","capital","Lumen Guard","radiant"
"E143","Glazemoth","common","normal","false","true","true","mind","","fast","64","42","60","62","40","57","325","78","148","2","E144","41","dungeon_finale","old_fortress","Future Trace","mind"
"E144","Ferruleap","common","normal","false","true","true","echo","gale","fast","53","58","49","53","67","52","332","79","149","3","","","clear_prism","greenhouse_port","Signal Bloom","echo_gale"
"E145","Aurafawn","uncommon","normal","false","true","true","ember","","medium","64","73","67","77","57","45","383","150","105","1","E146","17","habitat_prism","sealed_border","Pressure Vein","ember"
"E146","Tidequill","common","normal","false","true","true","tide","","fast","72","50","48","59","44","73","346","81","151","2","E147","36","element_prism","golden_tower","Rain Listener","tide"
"E147","Nullfin","common","normal","false","true","true","verdance","metal","fast","68","53","54","68","58","52","353","82","152","3","","","bond_event","arena_island","Root Memory","verdance_metal"
"E148","Windroot","common","normal","false","true","true","stone","","fast","56","71","76","59","52","46","360","83","153","1","E149","20","quest_attunement","lower_archive","Stone Nerve","stone"
"E149","Embercoil","common","normal","false","true","true","gale","","fast","49","36","43","62","59","57","306","84","154","2","E150","39","dungeon_finale","corrupted_city","Sky Step","gale"
"E150","Stonehare","uncommon","normal","false","true","true","spark","mind","medium","77","63","77","67","67","67","418","125","110","3","","","clear_prism","restored_hub","Static Nerve","spark_mind"
"E151","Mindcrab","common","normal","false","true","true","frost","","fast","74","66","48","41","44","47","320","86","156","1","E152","17","habitat_prism","coast","Cold Focus","frost"
"E152","Reedjaw","common","normal","false","true","true","metal","","fast","45","64","52","50","56","60","327","87","157","2","E153","34","element_prism","farmland","Iron Rhythm","metal"
"E153","Sparkbuck","rare","normal","false","true","true","shade","tide","slow","80","70","101","55","70","79","455","173","68","3","","","bond_event","marsh","Night Sense","shade_tide"
"E154","Frostlynx","common","normal","false","true","true","radiant","","fast","61","58","52","56","69","45","341","89","159","1","E155","20","quest_attunement","industrial","Lumen Guard","radiant"
"E155","Shadeglass","uncommon","normal","false","true","true","mind","","medium","76","76","73","44","63","75","407","130","115","2","E156","37","dungeon_finale","archive","Future Trace","mind"
"E156","Lumenvole","common","normal","false","true","true","echo","gale","fast","58","55","56","68","52","66","355","91","161","3","","","clear_prism","volcanic_port","Signal Bloom","echo_gale"
"E157","Brinehorn","common","normal","false","true","true","ember","","fast","51","52","56","38","60","44","301","92","162","1","E158","17","habitat_prism","canopy","Pressure Vein","ember"
"E158","Mosswing","common","normal","false","true","true","tide","","fast","54","58","37","52","46","61","308","93","163","2","E159","40","element_prism","desert","Rain Listener","tide"
"E159","Copperjaw","common","normal","false","true","true","verdance","metal","fast","69","46","57","43","40","60","315","94","164","3","","","bond_event","mountain","Root Memory","verdance_metal"
"E160","Echostag","uncommon","normal","false","true","true","stone","","medium","57","63","80","70","70","56","396","135","120","1","E161","20","quest_attunement","wetland_tower","Stone Nerve","stone"
"E161","Ashkit","common","normal","false","true","true","gale","","fast","61","71","56","48","52","41","329","96","166","2","E162","35","dungeon_finale","monastery_cliffs","Sky Step","gale"
"E162","Tidebloom","common","normal","false","true","true","spark","mind","fast","58","40","60","58","64","56","336","97","167","3","","","clear_prism","storm_harbor","Static Nerve","spark_mind"
"E163","Galefin","common","normal","false","true","true","frost","","fast","74","57","49","49","60","54","343","98","168","1","E164","17","habitat_prism","mining_city","Cold Focus","frost"
"E164","Ironquill","common","normal","false","true","true","metal","","fast","54","69","66","70","47","44","350","99","169","2","E165","38","element_prism","suspended_bridges","Iron Rhythm","metal"
"E165","Rimepup","uncommon","normal","false","true","true","shade","tide","medium","68","50","50","58","79","80","385","140","125","3","","","bond_event","reclaimed_war_zone","Night Sense","shade_tide"
"E166","Mindflare","common","normal","false","true","true","radiant","","fast","56","46","49","58","46","48","303","101","171","1","E167","20","quest_attunement","flooded_ruins","Lumen Guard","radiant"
"E167","Verdantjaw","common","normal","false","true","true","mind","","fast","59","52","58","41","63","37","310","102","172","2","E168","41","dungeon_finale","trade_city","Future Trace","mind"
"E168","Veyrwing","common","normal","false","true","true","echo","gale","fast","43","62","43","58","52","59","317","103","173","3","","","clear_prism","forge_city","Signal Bloom","echo_gale"
"E169","Sparkroot","common","normal","false","true","true","ember","","fast","56","50","64","50","47","57","324","104","174","1","E170","17","habitat_prism","abandoned_relay","Pressure Vein","ember"
"E170","Sootcrab","rare","normal","false","true","true","tide","","slow","81","77","58","89","89","57","451","190","85","2","E171","36","element_prism","night_marsh","Rain Listener","tide"
"E171","Auramole","common","normal","false","true","true","verdance","metal","fast","63","63","53","47","50","62","338","106","176","3","","","bond_event","frozen_music_city","Root Memory","verdance_metal"
"E172","Shadehorn","common","normal","false","true","true","stone","","fast","50","48","74","71","42","60","345","107","177","1","E173","20","quest_attunement","capital","Stone Nerve","stone"
"E173","Frostcoil","common","normal","false","true","true","gale","","fast","60","61","57","56","68","50","352","108","178","2","E174","39","dungeon_finale","old_fortress","Sky Step","gale"
"E174","Bronzefawn","common","normal","false","true","true","spark","mind","fast","57","62","62","66","46","66","359","109","179","3","","","clear_prism","greenhouse_port","Static Nerve","spark_mind"
"E175","Reedmoth","uncommon","normal","false","true","true","frost","","medium","81","53","56","63","85","71","409","150","135","1","E176","17","habitat_prism","sealed_border","Cold Focus","frost"
"E176","Nulljaw","common","normal","false","true","true","metal","","fast","44","50","56","66","53","43","312","111","181","2","E177","34","element_prism","golden_tower","Iron Rhythm","metal"
"E177","Emberfin","common","normal","false","true","true","shade","tide","fast","52","62","40","52","42","71","319","112","182","3","","","bond_event","arena_island","Night Sense","shade_tide"
"E178","Stonebuck","common","normal","false","true","true","radiant","","fast","56","38","51","66","60","55","326","113","183","1","E179","20","quest_attunement","lower_archive","Lumen Guard","radiant"
"E179","Lumenshell","common","normal","false","true","true","mind","","fast","65","50","67","54","50","47","333","114","184","2","E180","37","dungeon_finale","corrupted_city","Future Trace","mind"
"E180","Galemant","uncommon","normal","false","true","true","echo","gale","medium","68","90","73","56","56","55","398","125","95","3","","","clear_prism","restored_hub","Signal Bloom","echo_gale"
"E181","Mirequill","common","normal","false","true","true","ember","","fast","51","68","60","53","57","58","347","71","186","1","E182","17","habitat_prism","coast","Pressure Vein","ember"
"E182","Volthare","common","normal","false","true","true","tide","","fast","73","60","54","48","56","63","354","72","187","2","E183","40","element_prism","farmland","Rain Listener","tide"
"E183","Mindbeak","common","normal","false","true","true","verdance","metal","fast","57","51","50","49","58","35","300","73","188","3","","","bond_event","marsh","Root Memory","verdance_metal"
"E184","Thornkit","common","normal","false","true","true","stone","","fast","60","57","59","33","45","53","307","74","189","1","E185","20","quest_attunement","industrial","Stone Nerve","stone"
"E185","Ashglass","uncommon","normal","false","true","true","gale","","medium","67","60","67","74","52","67","387","130","100","2","E186","35","dungeon_finale","archive","Sky Step","gale"
"E186","Tidevole","common","normal","false","true","true","spark","mind","fast","58","56","65","41","61","40","321","76","191","3","","","clear_prism","volcanic_port","Static Nerve","spark_mind"
"E187","Frostroot","rare","normal","false","true","true","frost","","slow","90","92","65","82","68","91","488","182","67","1","E188","17","habitat_prism","canopy","Cold Focus","frost"
"E188","Ironstag","common","normal","false","true","true","metal","","fast","70","43","59","41","69","53","335","78","193","2","E189","38","element_prism","desert","Iron Rhythm","metal"
"E189","Echomole","common","normal","false","true","true","shade","tide","fast","57","60","46","67","63","49","342","79","194","3","","","bond_event","mountain","Night Sense","shade_tide"
"E190","Sablefin","uncommon","normal","false","true","true","radiant","","medium","74","81","70","56","56","85","422","135","105","1","E191","20","quest_attunement","wetland_tower","Lumen Guard","radiant"
"E191","Prismjaw","common","normal","false","true","true","mind","","fast","64","42","68","61","65","56","356","81","196","2","E192","41","dungeon_finale","monastery_cliffs","Future Trace","mind"
"E192","Verdantwing","common","normal","false","true","true","echo","gale","fast","68","50","48","43","50","43","302","82","197","3","","","clear_prism","storm_harbor","Signal Bloom","echo_gale"
"E193","Sparkhorn","common","normal","false","true","true","ember","","fast","46","55","57","56","34","61","309","83","198","1","E194","17","habitat_prism","mining_city","Pressure Vein","ember"
"E194","Brinecoil","common","normal","false","true","true","tide","","fast","54","67","42","43","56","54","316","84","199","2","E195","36","element_prism","suspended_bridges","Rain Listener","tide"
"E195","Lurkflare","uncommon","normal","false","true","true","verdance","metal","medium","80","62","73","80","58","58","411","140","110","3","","","bond_event","reclaimed_war_zone","Root Memory","verdance_metal"
"E196","Snowjaw","common","normal","false","true","true","stone","","fast","60","51","61","40","58","60","330","86","201","1","E197","20","quest_attunement","flooded_ruins","Stone Nerve","stone"
"E197","Copperroot","common","normal","false","true","true","gale","","fast","48","66","51","62","52","58","337","87","202","2","E198","39","dungeon_finale","trade_city","Sky Step","gale"
"E198","Galekit","common","normal","false","true","true","spark","mind","fast","64","53","74","54","46","53","344","88","203","3","","","clear_prism","forge_city","Static Nerve","spark_mind"
"E199","Mindmantle","common","normal","false","true","true","frost","","fast","60","54","45","63","60","69","351","89","204","1","E200","17","habitat_prism","abandoned_relay","Cold Focus","frost"
"E200","Nullmoth","uncommon","normal","false","true","true","metal","","medium","78","75","68","55","55","69","400","145","115","2","E201","34","element_prism","night_marsh","Iron Rhythm","metal"
"E201","Emberrusk","common","normal","false","true","true","shade","tide","fast","47","42","40","63","66","46","304","91","206","3","","","bond_event","frozen_music_city","Night Sense","shade_tide"
"E202","Tidewing","common","normal","false","true","true","radiant","","fast","56","54","55","50","57","39","311","92","207","1","E203","20","quest_attunement","capital","Lumen Guard","radiant"
"E203","Mosscrab","common","normal","false","true","true","mind","","fast","54","55","59","59","38","53","318","93","208","2","E204","37","dungeon_finale","old_fortress","Future Trace","mind"
"E204","Shadequill","rare","normal","false","true","true","echo","gale","slow","101","62","74","76","96","75","484","174","84","3","","","clear_prism","greenhouse_port","Signal Bloom","echo_gale"
"E205","Lumebuck","uncommon","normal","false","true","true","ember","","medium","59","62","76","83","62","47","389","150","120","1","E206","17","habitat_prism","sealed_border","Pressure Vein","ember"
"E206","Stonevole","common","normal","false","true","true","tide","","fast","59","66","48","56","41","69","339","96","211","2","E207","40","element_prism","golden_tower","Rain Listener","tide"
"E207","Voltfinch","common","normal","false","true","true","verdance","metal","fast","57","66","54","65","55","49","346","97","212","3","","","bond_event","arena_island","Root Memory","verdance_metal"
"E208","Frostmant","common","normal","false","true","true","stone","","fast","72","53","76","57","50","45","353","98","213","1","E209","20","quest_attunement","lower_archive","Stone Nerve","stone"
"E209","Ironbloom","common","normal","false","true","true","gale","","fast","48","58","52","70","67","65","360","99","214","2","E210","35","dungeon_finale","corrupted_city","Sky Step","gale"
"E210","Echopincer","uncommon","normal","false","true","true","spark","mind","medium","65","83","79","65","65","67","424","125","125","3","","","clear_prism","restored_hub","Static Nerve","spark_mind"
"E211","Ashroot","common","normal","false","true","true","frost","","fast","68","53","54","43","46","49","313","101","146","1","E212","17","habitat_prism","coast","Cold Focus","frost"
"E212","Brinehare","common","normal","false","true","true","metal","","fast","58","49","53","48","54","58","320","102","147","2","E213","38","element_prism","farmland","Iron Rhythm","metal"
"E213","Galebloom","common","normal","false","true","true","shade","tide","fast","52","72","46","42","54","61","327","103","148","3","","","bond_event","marsh","Night Sense","shade_tide"
"E214","Mindfin","common","normal","false","true","true","radiant","","fast","55","46","57","58","72","46","334","104","149","1","E215","20","quest_attunement","industrial","Lumen Guard","radiant"
"E215","Reedrusk","uncommon","normal","false","true","true","mind","","medium","71","64","81","47","68","82","413","130","130","2","E216","41","dungeon_finale","archive","Future Trace","mind"
"E216","Sparkglass","common","normal","false","true","true","echo","gale","fast","68","66","51","59","45","59","348","106","151","3","","","clear_prism","volcanic_port","Signal Bloom","echo_gale"
"E217","Sablehorn","common","normal","false","true","true","ember","","fast","54","49","74","48","76","54","355","107","152","1","E218","17","habitat_prism","canopy","Pressure Vein","ember"
"E218","Lumenkit","common","normal","false","true","true","tide","","fast","48","47","41","53","47","65","301","108","153","2","E219","36","element_prism","desert","Rain Listener","tide"
"E219","Frostquill","common","normal","false","true","true","verdance","metal","fast","57","59","56","41","37","58","308","109","154","3","","","bond_event","mountain","Root Memory","verdance_metal"
"E220","Coppermole","uncommon","normal","false","true","true","stone","","medium","84","51","51","77","77","62","402","135","135","1","E221","20","quest_attunement","wetland_tower","Stone Nerve","stone"
"E221","Verdantcoil","rare","normal","false","true","true","gale","","slow","80","86","92","75","81","66","480","191","66","2","E222","39","dungeon_finale","monastery_cliffs","Sky Step","gale"
"E222","Tidepincer","common","normal","false","true","true","spark","mind","fast","47","53","59","55","61","54","329","112","157","3","","","clear_prism","storm_harbor","Static Nerve","spark_mind"
"E223","Emberstag","common","normal","false","true","true","frost","","fast","61","71","50","46","57","51","336","113","158","1","E224","17","habitat_prism","mining_city","Cold Focus","frost"
"E224","Nullvole","common","normal","false","true","true","metal","","fast","70","51","66","67","45","44","343","114","159","2","E225","34","element_prism","suspended_bridges","Iron Rhythm","metal"
"E225","Stonewing","uncommon","normal","false","true","true","shade","tide","medium","56","70","53","56","77","79","391","140","95","3","","","bond_event","reclaimed_war_zone","Night Sense","shade_tide"
"E226","Echobloom","common","normal","false","true","true","radiant","","fast","55","70","59","67","52","54","357","71","161","1","E227","20","quest_attunement","flooded_ruins","Lumen Guard","radiant"
"E227","Mirejaw","common","normal","false","true","true","mind","","fast","53","41","63","43","65","38","303","72","162","2","E228","37","dungeon_finale","trade_city","Future Trace","mind"
"E228","Voltroot","common","normal","false","true","true","echo","gale","fast","56","48","44","56","50","56","310","73","163","3","","","clear_prism","forge_city","Signal Bloom","echo_gale"
"E229","Shadepup","common","normal","false","true","true","ember","","fast","65","59","59","44","41","49","317","74","164","1","E230","17","habitat_prism","abandoned_relay","Pressure Vein","ember"
"E230","Rimehorn","uncommon","normal","false","true","true","tide","","medium","62","52","55","79","79","53","380","145","100","2","E231","40","element_prism","night_marsh","Rain Listener","tide"
"E231","Aurafin","common","normal","false","true","true","verdance","metal","fast","57","52","58","48","52","64","331","76","166","3","","","bond_event","frozen_music_city","Root Memory","verdance_metal"
"E232","Ironkit","common","normal","false","true","true","stone","","fast","66","64","42","69","41","56","338","77","167","1","E233","20","quest_attunement","capital","Stone Nerve","stone"
"E233","Thornbuck","common","normal","false","true","true","gale","","fast","76","44","58","54","65","48","345","78","168","2","E234","35","dungeon_finale","old_fortress","Sky Step","gale"
"E234","Ashmoth","common","normal","false","true","true","spark","mind","fast","51","50","67","68","48","68","352","79","169","3","","","clear_prism","greenhouse_port","Static Nerve","spark_mind"
"E235","Brineglass","uncommon","normal","false","true","true","frost","","medium","69","73","59","62","83","69","415","150","105","1","E236","17","habitat_prism","sealed_border","Cold Focus","frost"
"E236","Galeroot","common","normal","false","true","true","metal","","fast","53","58","51","58","46","39","305","81","171","2","E237","38","element_prism","golden_tower","Iron Rhythm","metal"
"E237","Mindstag","common","normal","false","true","true","shade","tide","fast","67","46","42","50","41","66","312","82","172","3","","","bond_event","arena_island","Night Sense","shade_tide"
"E238","Sparkquill","rare","normal","false","true","true","radiant","","slow","67","77","75","94","85","78","476","183","83","1","E239","20","quest_attunement","lower_archive","Lumen Guard","radiant"
"E239","Frostpincer","common","normal","false","true","true","mind","","fast","53","64","66","51","47","45","326","84","174","2","E240","41","dungeon_finale","corrupted_city","Future Trace","mind"
"E240","Copperhare","uncommon","normal","false","true","true","echo","gale","medium","94","68","77","55","55","55","404","125","110","3","","","clear_prism","restored_hub","Signal Bloom","echo_gale"
"E241","Lumenroot","common","normal","false","true","true","ember","","fast","65","52","61","51","55","56","340","86","176","1","","","habitat_prism","coast","Pressure Vein","ember"
"E242","Sablewing","common","normal","false","true","true","tide","","fast","59","77","55","45","53","58","347","87","177","1","","","element_prism","farmland","Rain Listener","tide"
"E243","Tidecrab","common","normal","false","true","true","verdance","metal","fast","62","48","66","62","73","43","354","88","178","1","","","bond_event","marsh","Root Memory","verdance_metal"
"E244","Emberjaw","common","normal","false","true","true","stone","","fast","60","51","40","38","51","60","300","89","179","1","","","quest_attunement","industrial","Stone Nerve","stone"
"E245","Stonekit","uncommon","normal","false","true","true","gale","","medium","81","74","64","67","47","60","393","130","115","1","","","dungeon_finale","archive","Sky Step","gale"
"E246","Echofin","common","normal","false","true","true","spark","mind","fast","51","43","71","42","64","43","314","91","181","1","","","clear_prism","volcanic_port","Static Nerve","spark_mind"
"E247","Verdantmoth","common","normal","false","true","true","frost","","fast","55","50","48","57","47","64","321","92","182","1","","","habitat_prism","canopy","Cold Focus","frost"
"E248","Nullhorn","common","normal","false","true","true","metal","","fast","58","57","59","39","65","50","328","93","183","1","","","element_prism","desert","Iron Rhythm","metal"
"E249","Rimeglass","common","normal","false","true","true","shade","tide","fast","67","69","43","59","55","42","335","94","184","1","","","bond_event","mountain","Night Sense","shade_tide"
"E250","Ironvole","uncommon","normal","false","true","true","radiant","","medium","61","61","71","54","54","81","382","135","120","1","","","quest_attunement","wetland_tower","Lumen Guard","radiant"
"E251","Galestag","common","normal","false","true","true","mind","","fast","53","56","68","58","62","52","349","96","186","1","","","dungeon_finale","monastery_cliffs","Future Trace","mind"
"E252","Mindquill","common","normal","false","true","true","echo","gale","fast","68","76","58","49","57","48","356","97","187","1","","","clear_prism","storm_harbor","Signal Bloom","echo_gale"
"E253","Sparkmanta","common","normal","false","true","true","ember","","fast","59","40","57","54","33","59","302","98","188","1","","","habitat_prism","mining_city","Pressure Vein","ember"
"E254","Ashhare","common","normal","false","true","true","tide","","fast","48","56","46","45","58","56","309","99","189","1","","","element_prism","suspended_bridges","Rain Listener","tide"
"E255","Brinerusk","rare","normal","false","true","true","verdance","metal","slow","77","93","85","89","65","63","472","175","65","1","","","bond_event","reclaimed_war_zone","Root Memory","verdance_metal"
"E256","Shadecoil","common","normal","false","true","true","stone","","fast","60","43","41","46","66","67","323","101","191","1","","","quest_attunement","flooded_ruins","Stone Nerve","stone"
"E257","Aurawing","common","normal","false","true","true","gale","","fast","63","50","52","60","50","55","330","102","192","1","","","dungeon_finale","trade_city","Sky Step","gale"
"E258","Frostmole","common","normal","false","true","true","spark","mind","fast","51","68","73","51","44","50","337","103","193","1","","","clear_prism","forge_city","Static Nerve","spark_mind"
"E259","Copperstag","common","normal","false","true","true","frost","","fast","54","42","50","65","62","71","344","104","194","1","","","habitat_prism","abandoned_relay","Cold Focus","frost"
"E260","Reedflare","uncommon","normal","false","true","true","metal","","medium","74","63","77","60","60","72","406","145","130","1","","","element_prism","night_marsh","Iron Rhythm","metal"
"E261","Tidejaw","common","normal","false","true","true","shade","tide","fast","66","61","45","66","70","50","358","106","196","1","","","bond_event","frozen_music_city","Night Sense","shade_tide"
"E262","Embervole","common","normal","false","true","true","radiant","","fast","45","67","55","47","54","36","304","107","197","1","","","quest_attunement","capital","Lumen Guard","radiant"
"E263","Stonebloom","common","normal","false","true","true","mind","","fast","48","44","64","61","39","55","311","108","198","1","","","dungeon_finale","old_fortress","Future Trace","mind"
"E264","Echokit","common","normal","false","true","true","echo","gale","fast","56","56","50","48","61","47","318","109","199","1","","","clear_prism","greenhouse_port","Signal Bloom","echo_gale"
"E265","Verdantfin","uncommon","normal","false","true","true","ember","","medium","72","75","72","75","56","45","395","150","135","1","","","habitat_prism","sealed_border","Pressure Vein","ember"
"E266","Nullroot","common","normal","false","true","true","tide","","fast","52","53","54","59","43","71","332","111","201","1","","","element_prism","golden_tower","Rain Listener","tide"
"E267","Lumenant","common","normal","false","true","true","verdance","metal","fast","51","55","58","67","57","51","339","112","202","1","","","bond_event","arena_island","Root Memory","verdance_metal"
"E268","Galepincer","common","normal","false","true","true","stone","","fast","66","74","47","60","52","47","346","113","203","1","","","quest_attunement","lower_archive","Stone Nerve","stone"
"E269","Mindglass","common","normal","false","true","true","gale","","fast","62","43","53","68","65","62","353","114","204","1","","","dungeon_finale","corrupted_city","Sky Step","gale"
"E270","Sparkstag","uncommon","normal","false","true","true","spark","mind","medium","53","63","79","63","63","63","384","125","95","1","","","clear_prism","restored_hub","Static Nerve","spark_mind"
"E271","Frostjaw","common","normal","false","true","true","frost","","fast","55","68","53","40","44","46","306","71","206","1","","","habitat_prism","coast","Cold Focus","frost"
"E272","Ironhorn","rare","normal","false","true","true","metal","","slow","78","57","85","74","84","90","468","192","82","1","","","element_prism","farmland","Iron Rhythm","metal"
"E273","Shadebloom","common","normal","false","true","true","shade","tide","fast","68","54","47","41","51","59","320","73","208","1","","","bond_event","marsh","Night Sense","shade_tide"
"E274","Ashquill","common","normal","false","true","true","radiant","","fast","64","56","53","51","63","40","327","74","209","1","","","quest_attunement","industrial","Lumen Guard","radiant"
"E275","Brinefawn","uncommon","normal","false","true","true","mind","","medium","73","56","56","56","81","97","419","130","100","1","","","dungeon_finale","archive","Future Trace","mind"
"E276","Copperwing","common","normal","false","true","true","echo","gale","fast","62","53","57","62","47","60","341","76","211","1","","","clear_prism","volcanic_port","Signal Bloom","echo_gale"
"E277","Rimerusk","common","normal","false","true","true","ember","","fast","65","60","67","42","66","48","348","77","212","1","","","habitat_prism","canopy","Pressure Vein","ember"
"E278","Tideflare","common","normal","false","true","true","tide","","fast","68","67","46","57","50","67","355","78","213","1","","","element_prism","desert","Rain Listener","tide"
"E279","Echomantle","common","normal","false","true","true","verdance","metal","fast","51","48","61","42","39","60","301","79","214","1","","","bond_event","mountain","Root Memory","verdance_metal"
"E280","Verdantglass","uncommon","normal","false","true","true","stone","","medium","72","72","54","75","75","60","408","135","105","1","","","quest_attunement","wetland_tower","Stone Nerve","stone"
"E281","Auralith","apex_rare","normal","false","true","true","gale","","slow","107","113","95","73","79","64","531","221","36","1","","","dungeon_finale","monastery_cliffs","Sky Step","gale"
"E282","Umbryx","apex_rare","normal","false","true","true","spark","mind","slow","99","64","99","87","97","88","534","222","37","1","","","clear_prism","storm_harbor","Static Nerve","spark_mind"
"E283","Ferracore","apex_rare","normal","false","true","true","frost","","slow","88","96","89","78","96","90","537","223","38","1","","","habitat_prism","mining_city","Cold Focus","frost"
"E284","Tidecrown","apex_rare","normal","false","true","true","metal","","slow","93","106","105","102","69","65","540","224","39","1","","","element_prism","suspended_bridges","Iron Rhythm","metal"
"E285","Sylvarion","apex_rare","normal","false","true","true","shade","tide","slow","106","72","77","77","106","105","543","225","25","1","","","bond_event","reclaimed_war_zone","Night Sense","shade_tide"
"E286","Pyrethane","legendary","legendary","true","false","limited","radiant","verdance","legendary","123","94","105","113","89","92","616","266","14","1","","","legendary_quest_ritual","flooded_ruins","Lumen Guard","radiant_verdance"
"E287","Galerex","legendary","legendary","true","false","limited","mind","stone","legendary","99","124","81","93","141","83","621","267","8","1","","","legendary_quest_ritual","trade_city","Future Trace","mind_stone"
"E288","Voltrion","legendary","legendary","true","false","limited","echo","gale","legendary","98","71","94","113","101","113","590","268","9","1","","","legendary_quest_ritual","forge_city","Signal Bloom","echo_gale"
"E289","Cryolith","legendary","legendary","true","false","limited","ember","spark","legendary","114","92","122","88","81","98","595","269","10","1","","","legendary_quest_ritual","abandoned_relay","Pressure Vein","ember_spark"
"E290","Myroracle","legendary","legendary","true","false","limited","tide","frost","legendary","117","102","83","112","112","74","600","270","11","1","","","legendary_quest_ritual","night_marsh","Rain Listener","tide_frost"
"E291","Noctyrr","legendary","legendary","true","false","limited","verdance","metal","legendary","85","121","107","85","91","116","605","271","12","1","","","legendary_quest_ritual","frozen_music_city","Root Memory","verdance_metal"
"E292","Resonarch","legendary","legendary","true","false","limited","stone","shade","legendary","110","95","86","132","78","109","610","272","13","1","","","legendary_quest_ritual","capital","Stone Nerve","stone_shade"
"E293","Nullwyrm","legendary","legendary","true","false","limited","gale","radiant","legendary","115","107","105","93","112","83","615","273","14","1","","","legendary_quest_ritual","old_fortress","Sky Step","gale_radiant"
"E294","Lumathen","legendary","legendary","true","false","limited","spark","mind","legendary","108","108","111","108","76","109","620","274","8","1","","","legendary_quest_ritual","greenhouse_port","Static Nerve","spark_mind"
"E295","Basalord","legendary","legendary","true","false","limited","frost","echo","legendary","94","88","100","100","133","110","625","275","9","1","","","legendary_quest_ritual","sealed_border","Cold Focus","frost_echo"
"E296","Verdaking","legendary","legendary","true","false","limited","metal","ember","legendary","94","95","111","119","95","80","594","276","10","1","","","legendary_quest_ritual","golden_tower","Iron Rhythm","metal_ember"
"E297","Tempestral","legendary","legendary","true","false","limited","shade","tide","legendary","109","116","82","93","75","124","599","277","11","1","","","legendary_quest_ritual","arena_island","Night Sense","shade_tide"
"E298","Auraclysm","very_legendary","very_legendary","true","false","restricted","radiant","verdance","legendary","128","82","113","133","120","113","689","358","3","1","","","mythic_loom_ritual","lower_archive","Lumen Guard","radiant_verdance"
"E299","Severion","very_legendary","very_legendary","true","false","restricted","mind","stone","legendary","114","126","97","127","119","113","696","359","3","1","","","mythic_loom_ritual","corrupted_city","Future Trace","mind_stone"
"E300","First Echo","very_legendary","very_legendary","true","false","restricted","echo","gale","legendary","135","156","135","92","92","93","703","330","3","1","","","mythic_loom_ritual","restored_hub","Signal Bloom","echo_gale"
