"id","name","aspect","category","power","accuracy","flux_delta","priority","effect","animation_id","unlock_level"
"TC001","Ember Snap","ember","strike","37","75","-9","0","damage_contact","anim_tc001_ember_strike_arc","4"
"TC002","Tide Surge","tide","pulse","44","80","-8","0","damage_special","anim_tc002_tide_pulse_surge","7"
"TC003","Verdance Veil","verdance","guard","0","100","9","1","raise_guard_or_ward","anim_tc003_verdance_guard_spiral","10"
"TC004","Stone Spiral","stone","field","0","100","10","-1","set_terrain_or_weather","anim_tc004_stone_field_burst","13"
"TC005","Gale Crown","gale","bind","65","95","-5","0","status_or_switch_lock","anim_tc005_gale_bind_rain","16"
"TC006","Spark Pulse","spark","recovery","0","100","12","0","restore_vigor_or_cleanse","anim_tc006_spark_recovery_lash","19"
"TC007","Frost Fang","frost","strike","79","74","-3","0","damage_contact","anim_tc007_frost_strike_ring","22"
"TC008","Metal Bloom","metal","pulse","86","79","-2","0","damage_special","anim_tc008_metal_pulse_wave","25"
"TC009","Shade Ward","shade","guard","0","100","15","1","raise_guard_or_ward","anim_tc009_shade_guard_slash","28"
"TC010","Radiant Lance","radiant","field","0","100","16","-1","set_terrain_or_weather","anim_tc010_radiant_field_flare","31"
"TC011","Mind Step","mind","bind","107","94","1","0","status_or_switch_lock","anim_tc011_mind_bind_quake","34"
"TC012","Echo Howl","echo","recovery","0","100","6","0","restore_vigor_or_cleanse","anim_tc012_echo_recovery_beam","37"
"TC013","Ember Guard","ember","strike","121","73","3","0","damage_contact","anim_tc013_ember_strike_ripple","40"
"TC014","Tide Crash","tide","pulse","33","78","4","0","damage_special","anim_tc014_tide_pulse_shard","43"
"TC015","Verdance Thread","verdance","guard","0","100","9","1","raise_guard_or_ward","anim_tc015_verdance_guard_chain","46"
"TC016","Stone Field","stone","field","0","100","10","-1","set_terrain_or_weather","anim_tc016_stone_field_veil","49"
"TC017","Gale Mark","gale","bind","54","93","-8","0","status_or_switch_lock","anim_tc017_gale_bind_arc","52"
"TC018","Spark Rush","spark","recovery","0","100","12","0","restore_vigor_or_cleanse","anim_tc018_spark_recovery_surge","55"
"TC019","Frost Song","frost","strike","68","72","-6","0","damage_contact","anim_tc019_frost_strike_spiral","58"
"TC020","Metal Blade","metal","pulse","75","77","-5","0","damage_special","anim_tc020_metal_pulse_burst","61"
"TC021","Shade Nova","shade","guard","0","100","15","1","raise_guard_or_ward","anim_tc021_shade_guard_rain","64"
"TC022","Radiant Rift","radiant","field","0","100","16","-1","set_terrain_or_weather","anim_tc022_radiant_field_lash","67"
"TC023","Mind Comet","mind","bind","96","92","-2","0","status_or_switch_lock","anim_tc023_mind_bind_ring","70"
"TC024","Echo Bind","echo","recovery","0","100","6","0","restore_vigor_or_cleanse","anim_tc024_echo_recovery_wave","73"
"TC025","Ember Mirror","ember","strike","110","71","0","0","damage_contact","anim_tc025_ember_strike_slash","76"
"TC026","Tide Drift","tide","pulse","117","76","1","0","damage_special","anim_tc026_tide_pulse_flare","79"
"TC027","Verdance Aegis","verdance","guard","0","100","9","1","raise_guard_or_ward","anim_tc027_verdance_guard_quake","82"
"TC028","Stone Burst","stone","field","0","100","10","-1","set_terrain_or_weather","anim_tc028_stone_field_beam","85"
"TC029","Gale Orbit","gale","bind","43","91","4","0","status_or_switch_lock","anim_tc029_gale_bind_ripple","88"
"TC030","Spark Needle","spark","recovery","0","100","12","0","restore_vigor_or_cleanse","anim_tc030_spark_recovery_shard","91"
"TC031","Frost Snap","frost","strike","57","70","-9","0","damage_contact","anim_tc031_frost_strike_chain","94"
"TC032","Metal Surge","metal","pulse","64","75","-8","0","damage_special","anim_tc032_metal_pulse_veil","97"
"TC033","Shade Veil","shade","guard","0","100","15","1","raise_guard_or_ward","anim_tc033_shade_guard_arc","100"
"TC034","Radiant Spiral","radiant","field","0","100","16","-1","set_terrain_or_weather","anim_tc034_radiant_field_surge","3"
"TC035","Mind Crown","mind","bind","85","90","-5","0","status_or_switch_lock","anim_tc035_mind_bind_spiral","6"
"TC036","Echo Pulse","echo","recovery","0","100","6","0","restore_vigor_or_cleanse","anim_tc036_echo_recovery_burst","9"
"TC037","Ember Fang","ember","strike","99","100","-3","0","damage_contact","anim_tc037_ember_strike_rain","12"
"TC038","Tide Bloom","tide","pulse","106","74","-2","0","damage_special","anim_tc038_tide_pulse_lash","15"
"TC039","Verdance Ward","verdance","guard","0","100","9","1","raise_guard_or_ward","anim_tc039_verdance_guard_ring","18"
"TC040","Stone Lance","stone","field","0","100","10","-1","set_terrain_or_weather","anim_tc040_stone_field_wave","21"
"TC041","Gale Step","gale","bind","32","89","1","0","status_or_switch_lock","anim_tc041_gale_bind_slash","24"
"TC042","Spark Howl","spark","recovery","0","100","12","0","restore_vigor_or_cleanse","anim_tc042_spark_recovery_flare","27"
"TC043","Frost Guard","frost","strike","46","99","3","0","damage_contact","anim_tc043_frost_strike_quake","30"
"TC044","Metal Crash","metal","pulse","53","73","4","0","damage_special","anim_tc044_metal_pulse_beam","33"
"TC045","Shade Thread","shade","guard","0","100","15","1","raise_guard_or_ward","anim_tc045_shade_guard_ripple","36"
"TC046","Radiant Field","radiant","field","0","100","16","-1","set_terrain_or_weather","anim_tc046_radiant_field_shard","39"
"TC047","Mind Mark","mind","bind","74","88","-8","0","status_or_switch_lock","anim_tc047_mind_bind_chain","42"
"TC048","Echo Rush","echo","recovery","0","100","6","0","restore_vigor_or_cleanse","anim_tc048_echo_recovery_veil","45"
"TC049","Ember Song","ember","strike","88","98","-6","0","damage_contact","anim_tc049_ember_strike_arc","48"
"TC050","Tide Blade","tide","pulse","95","72","-5","0","damage_special","anim_tc050_tide_pulse_surge","51"
"TC051","Verdance Nova","verdance","guard","0","100","9","1","raise_guard_or_ward","anim_tc051_verdance_guard_spiral","54"
"TC052","Stone Rift","stone","field","0","100","10","-1","set_terrain_or_weather","anim_tc052_stone_field_burst","57"
"TC053","Gale Comet","gale","bind","116","87","-2","0","status_or_switch_lock","anim_tc053_gale_bind_rain","60"
"TC054","Spark Bind","spark","recovery","0","100","12","0","restore_vigor_or_cleanse","anim_tc054_spark_recovery_lash","63"
"TC055","Frost Mirror","frost","strike","35","97","0","0","damage_contact","anim_tc055_frost_strike_ring","66"
"TC056","Metal Drift","metal","pulse","42","71","1","0","damage_special","anim_tc056_metal_pulse_wave","69"
"TC057","Shade Aegis","shade","guard","0","100","15","1","raise_guard_or_ward","anim_tc057_shade_guard_slash","72"
"TC058","Radiant Burst","radiant","field","0","100","16","-1","set_terrain_or_weather","anim_tc058_radiant_field_flare","75"
"TC059","Mind Orbit","mind","bind","63","86","4","0","status_or_switch_lock","anim_tc059_mind_bind_quake","78"
"TC060","Echo Needle","echo","recovery","0","100","6","0","restore_vigor_or_cleanse","anim_tc060_echo_recovery_beam","81"
"TC061","Ember Snap","ember","strike","77","96","-9","0","damage_contact","anim_tc061_ember_strike_ripple","84"
"TC062","Tide Surge","tide","pulse","84","70","-8","0","damage_special","anim_tc062_tide_pulse_shard","87"
"TC063","Verdance Veil","verdance","guard","0","100","9","1","raise_guard_or_ward","anim_tc063_verdance_guard_chain","90"
"TC064","Stone Spiral","stone","field","0","100","10","-1","set_terrain_or_weather","anim_tc064_stone_field_veil","93"
"TC065","Gale Crown","gale","bind","105","85","-5","0","status_or_switch_lock","anim_tc065_gale_bind_arc","96"
"TC066","Spark Pulse","spark","recovery","0","100","12","0","restore_vigor_or_cleanse","anim_tc066_spark_recovery_surge","99"
"TC067","Frost Fang","frost","strike","119","95","-3","0","damage_contact","anim_tc067_frost_strike_spiral","2"
"TC068","Metal Bloom","metal","pulse","31","100","-2","0","damage_special","anim_tc068_metal_pulse_burst","5"
"TC069","Shade Ward","shade","guard","0","100","15","1","raise_guard_or_ward","anim_tc069_shade_guard_rain","8"
"TC070","Radiant Lance","radiant","field","0","100","16","-1","set_terrain_or_weather","anim_tc070_radiant_field_lash","11"
"TC071","Mind Step","mind","bind","52","84","1","0","status_or_switch_lock","anim_tc071_mind_bind_ring","14"
"TC072","Echo Howl","echo","recovery","0","100","6","0","restore_vigor_or_cleanse","anim_tc072_echo_recovery_wave","17"
"TC073","Ember Guard","ember","strike","66","94","3","0","damage_contact","anim_tc073_ember_strike_slash","20"
"TC074","Tide Crash","tide","pulse","73","99","4","0","damage_special","anim_tc074_tide_pulse_flare","23"
"TC075","Verdance Thread","verdance","guard","0","100","9","1","raise_guard_or_ward","anim_tc075_verdance_guard_quake","26"
"TC076","Stone Field","stone","field","0","100","10","-1","set_terrain_or_weather","anim_tc076_stone_field_beam","29"
"TC077","Gale Mark","gale","bind","94","83","-8","0","status_or_switch_lock","anim_tc077_gale_bind_ripple","32"
"TC078","Spark Rush","spark","recovery","0","100","12","0","restore_vigor_or_cleanse","anim_tc078_spark_recovery_shard","35"
"TC079","Frost Song","frost","strike","108","93","-6","0","damage_contact","anim_tc079_frost_strike_chain","38"
"TC080","Metal Blade","metal","pulse","115","98","-5","0","damage_special","anim_tc080_metal_pulse_veil","41"
"TC081","Shade Nova","shade","guard","0","100","15","1","raise_guard_or_ward","anim_tc081_shade_guard_arc","44"
"TC082","Radiant Rift","radiant","field","0","100","16","-1","set_terrain_or_weather","anim_tc082_radiant_field_surge","47"
"TC083","Mind Comet","mind","bind","41","82","-2","0","status_or_switch_lock","anim_tc083_mind_bind_spiral","50"
"TC084","Echo Bind","echo","recovery","0","100","6","0","restore_vigor_or_cleanse","anim_tc084_echo_recovery_burst","53"
"TC085","Ember Mirror","ember","strike","55","92","0","0","damage_contact","anim_tc085_ember_strike_rain","56"
"TC086","Tide Drift","tide","pulse","62","97","1","0","damage_special","anim_tc086_tide_pulse_lash","59"
"TC087","Verdance Aegis","verdance","guard","0","100","9","1","raise_guard_or_ward","anim_tc087_verdance_guard_ring","62"
"TC088","Stone Burst","stone","field","0","100","10","-1","set_terrain_or_weather","anim_tc088_stone_field_wave","65"
"TC089","Gale Orbit","gale","bind","83","81","4","0","status_or_switch_lock","anim_tc089_gale_bind_slash","68"
"TC090","Spark Needle","spark","recovery","0","100","12","0","restore_vigor_or_cleanse","anim_tc090_spark_recovery_flare","71"
"TC091","Frost Snap","frost","strike","97","91","-9","0","damage_contact","anim_tc091_frost_strike_quake","74"
"TC092","Metal Surge","metal","pulse","104","96","-8","0","damage_special","anim_tc092_metal_pulse_beam","77"
"TC093","Shade Veil","shade","guard","0","100","15","1","raise_guard_or_ward","anim_tc093_shade_guard_ripple","80"
"TC094","Radiant Spiral","radiant","field","0","100","16","-1","set_terrain_or_weather","anim_tc094_radiant_field_shard","83"
"TC095","Mind Crown","mind","bind","30","80","-5","0","status_or_switch_lock","anim_tc095_mind_bind_chain","86"
"TC096","Echo Pulse","echo","recovery","0","100","6","0","restore_vigor_or_cleanse","anim_tc096_echo_recovery_veil","89"
"TC097","Ember Fang","ember","strike","44","90","-3","0","damage_contact","anim_tc097_ember_strike_arc","92"
"TC098","Tide Bloom","tide","pulse","51","95","-2","0","damage_special","anim_tc098_tide_pulse_surge","95"
"TC099","Verdance Ward","verdance","guard","0","100","9","1","raise_guard_or_ward","anim_tc099_verdance_guard_spiral","98"
"TC100","Stone Lance","stone","field","0","100","10","-1","set_terrain_or_weather","anim_tc100_stone_field_burst","1"
"TC101","Gale Step","gale","bind","72","79","1","0","status_or_switch_lock","anim_tc101_gale_bind_rain","4"
"TC102","Spark Howl","spark","recovery","0","100","12","0","restore_vigor_or_cleanse","anim_tc102_spark_recovery_lash","7"
"TC103","Frost Guard","frost","strike","86","89","3","0","damage_contact","anim_tc103_frost_strike_ring","10"
"TC104","Metal Crash","metal","pulse","93","94","4","0","damage_special","anim_tc104_metal_pulse_wave","13"
"TC105","Shade Thread","shade","guard","0","100","15","1","raise_guard_or_ward","anim_tc105_shade_guard_slash","16"
"TC106","Radiant Field","radiant","field","0","100","16","-1","set_terrain_or_weather","anim_tc106_radiant_field_flare","19"
"TC107","Mind Mark","mind","bind","114","78","-8","0","status_or_switch_lock","anim_tc107_mind_bind_quake","22"
"TC108","Echo Rush","echo","recovery","0","100","6","0","restore_vigor_or_cleanse","anim_tc108_echo_recovery_beam","25"
"TC109","Ember Song","ember","strike","33","88","-6","0","damage_contact","anim_tc109_ember_strike_ripple","28"
"TC110","Tide Blade","tide","pulse","40","93","-5","0","damage_special","anim_tc110_tide_pulse_shard","31"
"TC111","Verdance Nova","verdance","guard","0","100","9","1","raise_guard_or_ward","anim_tc111_verdance_guard_chain","34"
"TC112","Stone Rift","stone","field","0","100","10","-1","set_terrain_or_weather","anim_tc112_stone_field_veil","37"
"TC113","Gale Comet","gale","bind","61","77","-2","0","status_or_switch_lock","anim_tc113_gale_bind_arc","40"
"TC114","Spark Bind","spark","recovery","0","100","12","0","restore_vigor_or_cleanse","anim_tc114_spark_recovery_surge","43"
"TC115","Frost Mirror","frost","strike","75","87","0","0","damage_contact","anim_tc115_frost_strike_spiral","46"
"TC116","Metal Drift","metal","pulse","82","92","1","0","damage_special","anim_tc116_metal_pulse_burst","49"
"TC117","Shade Aegis","shade","guard","0","100","15","1","raise_guard_or_ward","anim_tc117_shade_guard_rain","52"
"TC118","Radiant Burst","radiant","field","0","100","16","-1","set_terrain_or_weather","anim_tc118_radiant_field_lash","55"
"TC119","Mind Orbit","mind","bind","103","76","4","0","status_or_switch_lock","anim_tc119_mind_bind_ring","58"
"TC120","Echo Needle","echo","recovery","0","100","6","0","restore_vigor_or_cleanse","anim_tc120_echo_recovery_wave","61"
"TC121","Ember Snap","ember","strike","117","86","-9","0","damage_contact","anim_tc121_ember_strike_slash","64"
"TC122","Tide Surge","tide","pulse","124","91","-8","0","damage_special","anim_tc122_tide_pulse_flare","67"
"TC123","Verdance Veil","verdance","guard","0","100","9","1","raise_guard_or_ward","anim_tc123_verdance_guard_quake","70"
"TC124","Stone Spiral","stone","field","0","100","10","-1","set_terrain_or_weather","anim_tc124_stone_field_beam","73"
"TC125","Gale Crown","gale","bind","50","75","-5","0","status_or_switch_lock","anim_tc125_gale_bind_ripple","76"
"TC126","Spark Pulse","spark","recovery","0","100","12","0","restore_vigor_or_cleanse","anim_tc126_spark_recovery_shard","79"
"TC127","Frost Fang","frost","strike","64","85","-3","0","damage_contact","anim_tc127_frost_strike_chain","82"
"TC128","Metal Bloom","metal","pulse","71","90","-2","0","damage_special","anim_tc128_metal_pulse_veil","85"
"TC129","Shade Ward","shade","guard","0","100","15","1","raise_guard_or_ward","anim_tc129_shade_guard_arc","88"
"TC130","Radiant Lance","radiant","field","0","100","16","-1","set_terrain_or_weather","anim_tc130_radiant_field_surge","91"
"TC131","Mind Step","mind","bind","92","74","1","0","status_or_switch_lock","anim_tc131_mind_bind_spiral","94"
"TC132","Echo Howl","echo","recovery","0","100","6","0","restore_vigor_or_cleanse","anim_tc132_echo_recovery_burst","97"
"TC133","Ember Guard","ember","strike","106","84","3","0","damage_contact","anim_tc133_ember_strike_rain","100"
"TC134","Tide Crash","tide","pulse","113","89","4","0","damage_special","anim_tc134_tide_pulse_lash","3"
"TC135","Verdance Thread","verdance","guard","0","100","9","1","raise_guard_or_ward","anim_tc135_verdance_guard_ring","6"
"TC136","Stone Field","stone","field","0","100","10","-1","set_terrain_or_weather","anim_tc136_stone_field_wave","9"
"TC137","Gale Mark","gale","bind","39","73","-8","0","status_or_switch_lock","anim_tc137_gale_bind_slash","12"
"TC138","Spark Rush","spark","recovery","0","100","12","0","restore_vigor_or_cleanse","anim_tc138_spark_recovery_flare","15"
"TC139","Frost Song","frost","strike","53","83","-6","0","damage_contact","anim_tc139_frost_strike_quake","18"
"TC140","Metal Blade","metal","pulse","60","88","-5","0","damage_special","anim_tc140_metal_pulse_beam","21"
"TC141","Shade Nova","shade","guard","0","100","15","1","raise_guard_or_ward","anim_tc141_shade_guard_ripple","24"
"TC142","Radiant Rift","radiant","field","0","100","16","-1","set_terrain_or_weather","anim_tc142_radiant_field_shard","27"
"TC143","Mind Comet","mind","bind","81","72","-2","0","status_or_switch_lock","anim_tc143_mind_bind_chain","30"
"TC144","Echo Bind","echo","recovery","0","100","6","0","restore_vigor_or_cleanse","anim_tc144_echo_recovery_veil","33"
"TC145","Ember Mirror","ember","strike","95","82","0","0","damage_contact","anim_tc145_ember_strike_arc","36"
"TC146","Tide Drift","tide","pulse","102","87","1","0","damage_special","anim_tc146_tide_pulse_surge","39"
"TC147","Verdance Aegis","verdance","guard","0","100","9","1","raise_guard_or_ward","anim_tc147_verdance_guard_spiral","42"
"TC148","Stone Burst","stone","field","0","100","10","-1","set_terrain_or_weather","anim_tc148_stone_field_burst","45"
"TC149","Gale Orbit","gale","bind","123","71","4","0","status_or_switch_lock","anim_tc149_gale_bind_rain","48"
"TC150","Spark Needle","spark","recovery","0","100","12","0","restore_vigor_or_cleanse","anim_tc150_spark_recovery_lash","51"
"TC151","Frost Snap","frost","strike","42","81","-9","0","damage_contact","anim_tc151_frost_strike_ring","54"
"TC152","Metal Surge","metal","pulse","49","86","-8","0","damage_special","anim_tc152_metal_pulse_wave","57"
"TC153","Shade Veil","shade","guard","0","100","15","1","raise_guard_or_ward","anim_tc153_shade_guard_slash","60"
"TC154","Radiant Spiral","radiant","field","0","100","16","-1","set_terrain_or_weather","anim_tc154_radiant_field_flare","63"
"TC155","Mind Crown","mind","bind","70","70","-5","0","status_or_switch_lock","anim_tc155_mind_bind_quake","66"
"TC156","Echo Pulse","echo","recovery","0","100","6","0","restore_vigor_or_cleanse","anim_tc156_echo_recovery_beam","69"
"TC157","Ember Fang","ember","strike","84","80","-3","0","damage_contact","anim_tc157_ember_strike_ripple","72"
"TC158","Tide Bloom","tide","pulse","91","85","-2","0","damage_special","anim_tc158_tide_pulse_shard","75"
"TC159","Verdance Ward","verdance","guard","0","100","9","1","raise_guard_or_ward","anim_tc159_verdance_guard_chain","78"
"TC160","Stone Lance","stone","field","0","100","10","-1","set_terrain_or_weather","anim_tc160_stone_field_veil","81"
"TC161","Gale Step","gale","bind","112","100","1","0","status_or_switch_lock","anim_tc161_gale_bind_arc","84"
"TC162","Spark Howl","spark","recovery","0","100","12","0","restore_vigor_or_cleanse","anim_tc162_spark_recovery_surge","87"
"TC163","Frost Guard","frost","strike","31","79","3","0","damage_contact","anim_tc163_frost_strike_spiral","90"
"TC164","Metal Crash","metal","pulse","38","84","4","0","damage_special","anim_tc164_metal_pulse_burst","93"
"TC165","Shade Thread","shade","guard","0","100","15","1","raise_guard_or_ward","anim_tc165_shade_guard_rain","96"
"TC166","Radiant Field","radiant","field","0","100","16","-1","set_terrain_or_weather","anim_tc166_radiant_field_lash","99"
"TC167","Mind Mark","mind","bind","59","99","-8","0","status_or_switch_lock","anim_tc167_mind_bind_ring","2"
"TC168","Echo Rush","echo","recovery","0","100","6","0","restore_vigor_or_cleanse","anim_tc168_echo_recovery_wave","5"
"TC169","Ember Song","ember","strike","73","78","-6","0","damage_contact","anim_tc169_ember_strike_slash","8"
"TC170","Tide Blade","tide","pulse","80","83","-5","0","damage_special","anim_tc170_tide_pulse_flare","11"
"TC171","Verdance Nova","verdance","guard","0","100","9","1","raise_guard_or_ward","anim_tc171_verdance_guard_quake","14"
"TC172","Stone Rift","stone","field","0","100","10","-1","set_terrain_or_weather","anim_tc172_stone_field_beam","17"
"TC173","Gale Comet","gale","bind","101","98","-2","0","status_or_switch_lock","anim_tc173_gale_bind_ripple","20"
"TC174","Spark Bind","spark","recovery","0","100","12","0","restore_vigor_or_cleanse","anim_tc174_spark_recovery_shard","23"
"TC175","Frost Mirror","frost","strike","115","77","0","0","damage_contact","anim_tc175_frost_strike_chain","26"
"TC176","Metal Drift","metal","pulse","122","82","1","0","damage_special","anim_tc176_metal_pulse_veil","29"
"TC177","Shade Aegis","shade","guard","0","100","15","1","raise_guard_or_ward","anim_tc177_shade_guard_arc","32"
"TC178","Radiant Burst","radiant","field","0","100","16","-1","set_terrain_or_weather","anim_tc178_radiant_field_surge","35"
"TC179","Mind Orbit","mind","bind","48","97","4","0","status_or_switch_lock","anim_tc179_mind_bind_spiral","38"
"TC180","Echo Needle","echo","recovery","0","100","6","0","restore_vigor_or_cleanse","anim_tc180_echo_recovery_burst","41"
"TC181","Ember Snap","ember","strike","62","76","-9","0","damage_contact","anim_tc181_ember_strike_rain","44"
"TC182","Tide Surge","tide","pulse","69","81","-8","0","damage_special","anim_tc182_tide_pulse_lash","47"
"TC183","Verdance Veil","verdance","guard","0","100","9","1","raise_guard_or_ward","anim_tc183_verdance_guard_ring","50"
"TC184","Stone Spiral","stone","field","0","100","10","-1","set_terrain_or_weather","anim_tc184_stone_field_wave","53"
"TC185","Gale Crown","gale","bind","90","96","-5","0","status_or_switch_lock","anim_tc185_gale_bind_slash","56"
"TC186","Spark Pulse","spark","recovery","0","100","12","0","restore_vigor_or_cleanse","anim_tc186_spark_recovery_flare","59"
"TC187","Frost Fang","frost","strike","104","75","-3","0","damage_contact","anim_tc187_frost_strike_quake","62"
"TC188","Metal Bloom","metal","pulse","111","80","-2","0","damage_special","anim_tc188_metal_pulse_beam","65"
"TC189","Shade Ward","shade","guard","0","100","15","1","raise_guard_or_ward","anim_tc189_shade_guard_ripple","68"
"TC190","Radiant Lance","radiant","field","0","100","16","-1","set_terrain_or_weather","anim_tc190_radiant_field_shard","71"
"TC191","Mind Step","mind","bind","37","95","1","0","status_or_switch_lock","anim_tc191_mind_bind_chain","74"
"TC192","Echo Howl","echo","recovery","0","100","6","0","restore_vigor_or_cleanse","anim_tc192_echo_recovery_veil","77"
"TC193","Ember Guard","ember","strike","51","74","3","0","damage_contact","anim_tc193_ember_strike_arc","80"
"TC194","Tide Crash","tide","pulse","58","79","4","0","damage_special","anim_tc194_tide_pulse_surge","83"
"TC195","Verdance Thread","verdance","guard","0","100","9","1","raise_guard_or_ward","anim_tc195_verdance_guard_spiral","86"
"TC196","Stone Field","stone","field","0","100","10","-1","set_terrain_or_weather","anim_tc196_stone_field_burst","89"
"TC197","Gale Mark","gale","bind","79","94","-8","0","status_or_switch_lock","anim_tc197_gale_bind_rain","92"
"TC198","Spark Rush","spark","recovery","0","100","12","0","restore_vigor_or_cleanse","anim_tc198_spark_recovery_lash","95"
"TC199","Frost Song","frost","strike","93","73","-6","0","damage_contact","anim_tc199_frost_strike_ring","98"
"TC200","Metal Blade","metal","pulse","100","78","-5","0","damage_special","anim_tc200_metal_pulse_wave","1"
"TC201","Shade Nova","shade","guard","0","100","15","1","raise_guard_or_ward","anim_tc201_shade_guard_slash","4"
"TC202","Radiant Rift","radiant","field","0","100","16","-1","set_terrain_or_weather","anim_tc202_radiant_field_flare","7"
"TC203","Mind Comet","mind","bind","121","93","-2","0","status_or_switch_lock","anim_tc203_mind_bind_quake","10"
"TC204","Echo Bind","echo","recovery","0","100","6","0","restore_vigor_or_cleanse","anim_tc204_echo_recovery_beam","13"
"TC205","Ember Mirror","ember","strike","40","72","0","0","damage_contact","anim_tc205_ember_strike_ripple","16"
"TC206","Tide Drift","tide","pulse","47","77","1","0","damage_special","anim_tc206_tide_pulse_shard","19"
"TC207","Verdance Aegis","verdance","guard","0","100","9","1","raise_guard_or_ward","anim_tc207_verdance_guard_chain","22"
"TC208","Stone Burst","stone","field","0","100","10","-1","set_terrain_or_weather","anim_tc208_stone_field_veil","25"
"TC209","Gale Orbit","gale","bind","68","92","4","0","status_or_switch_lock","anim_tc209_gale_bind_arc","28"
"TC210","Spark Needle","spark","recovery","0","100","12","0","restore_vigor_or_cleanse","anim_tc210_spark_recovery_surge","31"
"TC211","Frost Snap","frost","strike","82","71","-9","0","damage_contact","anim_tc211_frost_strike_spiral","34"
"TC212","Metal Surge","metal","pulse","89","76","-8","0","damage_special","anim_tc212_metal_pulse_burst","37"
"TC213","Shade Veil","shade","guard","0","100","15","1","raise_guard_or_ward","anim_tc213_shade_guard_rain","40"
"TC214","Radiant Spiral","radiant","field","0","100","16","-1","set_terrain_or_weather","anim_tc214_radiant_field_lash","43"
"TC215","Mind Crown","mind","bind","110","91","-5","0","status_or_switch_lock","anim_tc215_mind_bind_ring","46"
"TC216","Echo Pulse","echo","recovery","0","100","6","0","restore_vigor_or_cleanse","anim_tc216_echo_recovery_wave","49"
"TC217","Ember Fang","ember","strike","124","70","-3","0","damage_contact","anim_tc217_ember_strike_slash","52"
"TC218","Tide Bloom","tide","pulse","36","75","-2","0","damage_special","anim_tc218_tide_pulse_flare","55"
"TC219","Verdance Ward","verdance","guard","0","100","9","1","raise_guard_or_ward","anim_tc219_verdance_guard_quake","58"
"TC220","Stone Lance","stone","field","0","100","10","-1","set_terrain_or_weather","anim_tc220_stone_field_beam","61"
"TC221","Gale Step","gale","bind","57","90","1","0","status_or_switch_lock","anim_tc221_gale_bind_ripple","64"
"TC222","Spark Howl","spark","recovery","0","100","12","0","restore_vigor_or_cleanse","anim_tc222_spark_recovery_shard","67"
"TC223","Frost Guard","frost","strike","71","100","3","0","damage_contact","anim_tc223_frost_strike_chain","70"
"TC224","Metal Crash","metal","pulse","78","74","4","0","damage_special","anim_tc224_metal_pulse_veil","73"
"TC225","Shade Thread","shade","guard","0","100","15","1","raise_guard_or_ward","anim_tc225_shade_guard_arc","76"
"TC226","Radiant Field","radiant","field","0","100","16","-1","set_terrain_or_weather","anim_tc226_radiant_field_surge","79"
"TC227","Mind Mark","mind","bind","99","89","-8","0","status_or_switch_lock","anim_tc227_mind_bind_spiral","82"
"TC228","Echo Rush","echo","recovery","0","100","6","0","restore_vigor_or_cleanse","anim_tc228_echo_recovery_burst","85"
"TC229","Ember Song","ember","strike","113","99","-6","0","damage_contact","anim_tc229_ember_strike_rain","88"
"TC230","Tide Blade","tide","pulse","120","73","-5","0","damage_special","anim_tc230_tide_pulse_lash","91"
"TC231","Verdance Nova","verdance","guard","0","100","9","1","raise_guard_or_ward","anim_tc231_verdance_guard_ring","94"
"TC232","Stone Rift","stone","field","0","100","10","-1","set_terrain_or_weather","anim_tc232_stone_field_wave","97"
"TC233","Gale Comet","gale","bind","46","88","-2","0","status_or_switch_lock","anim_tc233_gale_bind_slash","100"
"TC234","Spark Bind","spark","recovery","0","100","12","0","restore_vigor_or_cleanse","anim_tc234_spark_recovery_flare","3"
"TC235","Frost Mirror","frost","strike","60","98","0","0","damage_contact","anim_tc235_frost_strike_quake","6"
"TC236","Metal Drift","metal","pulse","67","72","1","0","damage_special","anim_tc236_metal_pulse_beam","9"
"TC237","Shade Aegis","shade","guard","0","100","15","1","raise_guard_or_ward","anim_tc237_shade_guard_ripple","12"
"TC238","Radiant Burst","radiant","field","0","100","16","-1","set_terrain_or_weather","anim_tc238_radiant_field_shard","15"
"TC239","Mind Orbit","mind","bind","88","87","4","0","status_or_switch_lock","anim_tc239_mind_bind_chain","18"
"TC240","Echo Needle","echo","recovery","0","100","6","0","restore_vigor_or_cleanse","anim_tc240_echo_recovery_veil","21"
"TC241","Ember Snap","ember","strike","102","97","-9","0","damage_contact","anim_tc241_ember_strike_arc","24"
"TC242","Tide Surge","tide","pulse","109","71","-8","0","damage_special","anim_tc242_tide_pulse_surge","27"
"TC243","Verdance Veil","verdance","guard","0","100","9","1","raise_guard_or_ward","anim_tc243_verdance_guard_spiral","30"
"TC244","Stone Spiral","stone","field","0","100","10","-1","set_terrain_or_weather","anim_tc244_stone_field_burst","33"
"TC245","Gale Crown","gale","bind","35","86","-5","0","status_or_switch_lock","anim_tc245_gale_bind_rain","36"
"TC246","Spark Pulse","spark","recovery","0","100","12","0","restore_vigor_or_cleanse","anim_tc246_spark_recovery_lash","39"
"TC247","Frost Fang","frost","strike","49","96","-3","0","damage_contact","anim_tc247_frost_strike_ring","42"
"TC248","Metal Bloom","metal","pulse","56","70","-2","0","damage_special","anim_tc248_metal_pulse_wave","45"
"TC249","Shade Ward","shade","guard","0","100","15","1","raise_guard_or_ward","anim_tc249_shade_guard_slash","48"
"TC250","Radiant Lance","radiant","field","0","100","16","-1","set_terrain_or_weather","anim_tc250_radiant_field_flare","51"
"TC251","Mind Step","mind","bind","77","85","1","0","status_or_switch_lock","anim_tc251_mind_bind_quake","54"
"TC252","Echo Howl","echo","recovery","0","100","6","0","restore_vigor_or_cleanse","anim_tc252_echo_recovery_beam","57"
"TC253","Ember Guard","ember","strike","91","95","3","0","damage_contact","anim_tc253_ember_strike_ripple","60"
"TC254","Tide Crash","tide","pulse","98","100","4","0","damage_special","anim_tc254_tide_pulse_shard","63"
"TC255","Verdance Thread","verdance","guard","0","100","9","1","raise_guard_or_ward","anim_tc255_verdance_guard_chain","66"
"TC256","Stone Field","stone","field","0","100","10","-1","set_terrain_or_weather","anim_tc256_stone_field_veil","69"
"TC257","Gale Mark","gale","bind","119","84","-8","0","status_or_switch_lock","anim_tc257_gale_bind_arc","72"
"TC258","Spark Rush","spark","recovery","0","100","12","0","restore_vigor_or_cleanse","anim_tc258_spark_recovery_surge","75"
"TC259","Frost Song","frost","strike","38","94","-6","0","damage_contact","anim_tc259_frost_strike_spiral","78"
"TC260","Metal Blade","metal","pulse","45","99","-5","0","damage_special","anim_tc260_metal_pulse_burst","81"
"TC261","Shade Nova","shade","guard","0","100","15","1","raise_guard_or_ward","anim_tc261_shade_guard_rain","84"
"TC262","Radiant Rift","radiant","field","0","100","16","-1","set_terrain_or_weather","anim_tc262_radiant_field_lash","87"
"TC263","Mind Comet","mind","bind","66","83","-2","0","status_or_switch_lock","anim_tc263_mind_bind_ring","90"
"TC264","Echo Bind","echo","recovery","0","100","6","0","restore_vigor_or_cleanse","anim_tc264_echo_recovery_wave","93"
"TC265","Ember Mirror","ember","strike","80","93","0","0","damage_contact","anim_tc265_ember_strike_slash","96"
"TC266","Tide Drift","tide","pulse","87","98","1","0","damage_special","anim_tc266_tide_pulse_flare","99"
"TC267","Verdance Aegis","verdance","guard","0","100","9","1","raise_guard_or_ward","anim_tc267_verdance_guard_quake","2"
"TC268","Stone Burst","stone","field","0","100","10","-1","set_terrain_or_weather","anim_tc268_stone_field_beam","5"
"TC269","Gale Orbit","gale","bind","108","82","4","0","status_or_switch_lock","anim_tc269_gale_bind_ripple","8"
"TC270","Spark Needle","spark","recovery","0","100","12","0","restore_vigor_or_cleanse","anim_tc270_spark_recovery_shard","11"
"TC271","Frost Snap","frost","strike","122","92","-9","0","damage_contact","anim_tc271_frost_strike_chain","14"
"TC272","Metal Surge","metal","pulse","34","97","-8","0","damage_special","anim_tc272_metal_pulse_veil","17"
"TC273","Shade Veil","shade","guard","0","100","15","1","raise_guard_or_ward","anim_tc273_shade_guard_arc","20"
"TC274","Radiant Spiral","radiant","field","0","100","16","-1","set_terrain_or_weather","anim_tc274_radiant_field_surge","23"
"TC275","Mind Crown","mind","bind","55","81","-5","0","status_or_switch_lock","anim_tc275_mind_bind_spiral","26"
"TC276","Echo Pulse","echo","recovery","0","100","6","0","restore_vigor_or_cleanse","anim_tc276_echo_recovery_burst","29"
"TC277","Ember Fang","ember","strike","69","91","-3","0","damage_contact","anim_tc277_ember_strike_rain","32"
"TC278","Tide Bloom","tide","pulse","76","96","-2","0","damage_special","anim_tc278_tide_pulse_lash","35"
"TC279","Verdance Ward","verdance","guard","0","100","9","1","raise_guard_or_ward","anim_tc279_verdance_guard_ring","38"
"TC280","Stone Lance","stone","field","0","100","10","-1","set_terrain_or_weather","anim_tc280_stone_field_wave","41"
"TC281","Gale Step","gale","bind","97","80","1","0","status_or_switch_lock","anim_tc281_gale_bind_slash","44"
"TC282","Spark Howl","spark","recovery","0","100","12","0","restore_vigor_or_cleanse","anim_tc282_spark_recovery_flare","47"
"TC283","Frost Guard","frost","strike","111","90","3","0","damage_contact","anim_tc283_frost_strike_quake","50"
"TC284","Metal Crash","metal","pulse","118","95","4","0","damage_special","anim_tc284_metal_pulse_beam","53"
"TC285","Shade Thread","shade","guard","0","100","15","1","raise_guard_or_ward","anim_tc285_shade_guard_ripple","56"
"TC286","Radiant Field","radiant","field","0","100","16","-1","set_terrain_or_weather","anim_tc286_radiant_field_shard","59"
"TC287","Mind Mark","mind","bind","44","79","-8","0","status_or_switch_lock","anim_tc287_mind_bind_chain","62"
"TC288","Echo Rush","echo","recovery","0","100","6","0","restore_vigor_or_cleanse","anim_tc288_echo_recovery_veil","65"
"TC289","Ember Song","ember","strike","58","89","-6","0","damage_contact","anim_tc289_ember_strike_arc","68"
"TC290","Tide Blade","tide","pulse","65","94","-5","0","damage_special","anim_tc290_tide_pulse_surge","71"
"TC291","Verdance Nova","verdance","guard","0","100","9","1","raise_guard_or_ward","anim_tc291_verdance_guard_spiral","74"
"TC292","Stone Rift","stone","field","0","100","10","-1","set_terrain_or_weather","anim_tc292_stone_field_burst","77"
"TC293","Gale Comet","gale","bind","86","78","-2","0","status_or_switch_lock","anim_tc293_gale_bind_rain","80"
"TC294","Spark Bind","spark","recovery","0","100","12","0","restore_vigor_or_cleanse","anim_tc294_spark_recovery_lash","83"
"TC295","Frost Mirror","frost","strike","100","88","0","0","damage_contact","anim_tc295_frost_strike_ring","86"
"TC296","Metal Drift","metal","pulse","107","93","1","0","damage_special","anim_tc296_metal_pulse_wave","89"
"TC297","Shade Aegis","shade","guard","0","100","15","1","raise_guard_or_ward","anim_tc297_shade_guard_slash","92"
"TC298","Radiant Burst","radiant","field","0","100","16","-1","set_terrain_or_weather","anim_tc298_radiant_field_flare","95"
"TC299","Mind Orbit","mind","bind","33","77","4","0","status_or_switch_lock","anim_tc299_mind_bind_quake","98"
"TC300","Echo Needle","echo","recovery","0","100","6","0","restore_vigor_or_cleanse","anim_tc300_echo_recovery_beam","1"
"TC301","Ember Snap","ember","strike","47","87","-9","0","damage_contact","anim_tc301_ember_strike_ripple","4"
"TC302","Tide Surge","tide","pulse","54","92","-8","0","damage_special","anim_tc302_tide_pulse_shard","7"
"TC303","Verdance Veil","verdance","guard","0","100","9","1","raise_guard_or_ward","anim_tc303_verdance_guard_chain","10"
"TC304","Stone Spiral","stone","field","0","100","10","-1","set_terrain_or_weather","anim_tc304_stone_field_veil","13"
"TC305","Gale Crown","gale","bind","75","76","-5","0","status_or_switch_lock","anim_tc305_gale_bind_arc","16"
"TC306","Spark Pulse","spark","recovery","0","100","12","0","restore_vigor_or_cleanse","anim_tc306_spark_recovery_surge","19"
"TC307","Frost Fang","frost","strike","89","86","-3","0","damage_contact","anim_tc307_frost_strike_spiral","22"
"TC308","Metal Bloom","metal","pulse","96","91","-2","0","damage_special","anim_tc308_metal_pulse_burst","25"
"TC309","Shade Ward","shade","guard","0","100","15","1","raise_guard_or_ward","anim_tc309_shade_guard_rain","28"
"TC310","Radiant Lance","radiant","field","0","100","16","-1","set_terrain_or_weather","anim_tc310_radiant_field_lash","31"
"TC311","Mind Step","mind","bind","117","75","1","0","status_or_switch_lock","anim_tc311_mind_bind_ring","34"
"TC312","Echo Howl","echo","recovery","0","100","6","0","restore_vigor_or_cleanse","anim_tc312_echo_recovery_wave","37"
"TC313","Ember Guard","ember","strike","36","85","3","0","damage_contact","anim_tc313_ember_strike_slash","40"
"TC314","Tide Crash","tide","pulse","43","90","4","0","damage_special","anim_tc314_tide_pulse_flare","43"
"TC315","Verdance Thread","verdance","guard","0","100","9","1","raise_guard_or_ward","anim_tc315_verdance_guard_quake","46"
"TC316","Stone Field","stone","field","0","100","10","-1","set_terrain_or_weather","anim_tc316_stone_field_beam","49"
"TC317","Gale Mark","gale","bind","64","74","-8","0","status_or_switch_lock","anim_tc317_gale_bind_ripple","52"
"TC318","Spark Rush","spark","recovery","0","100","12","0","restore_vigor_or_cleanse","anim_tc318_spark_recovery_shard","55"
"TC319","Frost Song","frost","strike","78","84","-6","0","damage_contact","anim_tc319_frost_strike_chain","58"
"TC320","Metal Blade","metal","pulse","85","89","-5","0","damage_special","anim_tc320_metal_pulse_veil","61"
"TC321","Shade Nova","shade","guard","0","100","15","1","raise_guard_or_ward","anim_tc321_shade_guard_arc","64"
"TC322","Radiant Rift","radiant","field","0","100","16","-1","set_terrain_or_weather","anim_tc322_radiant_field_surge","67"
"TC323","Mind Comet","mind","bind","106","73","-2","0","status_or_switch_lock","anim_tc323_mind_bind_spiral","70"
"TC324","Echo Bind","echo","recovery","0","100","6","0","restore_vigor_or_cleanse","anim_tc324_echo_recovery_burst","73"
"TC325","Ember Mirror","ember","strike","120","83","0","0","damage_contact","anim_tc325_ember_strike_rain","76"
"TC326","Tide Drift","tide","pulse","32","88","1","0","damage_special","anim_tc326_tide_pulse_lash","79"
"TC327","Verdance Aegis","verdance","guard","0","100","9","1","raise_guard_or_ward","anim_tc327_verdance_guard_ring","82"
"TC328","Stone Burst","stone","field","0","100","10","-1","set_terrain_or_weather","anim_tc328_stone_field_wave","85"
"TC329","Gale Orbit","gale","bind","53","72","4","0","status_or_switch_lock","anim_tc329_gale_bind_slash","88"
"TC330","Spark Needle","spark","recovery","0","100","12","0","restore_vigor_or_cleanse","anim_tc330_spark_recovery_flare","91"
"TC331","Frost Snap","frost","strike","67","82","-9","0","damage_contact","anim_tc331_frost_strike_quake","94"
"TC332","Metal Surge","metal","pulse","74","87","-8","0","damage_special","anim_tc332_metal_pulse_beam","97"
"TC333","Shade Veil","shade","guard","0","100","15","1","raise_guard_or_ward","anim_tc333_shade_guard_ripple","100"
"TC334","Radiant Spiral","radiant","field","0","100","16","-1","set_terrain_or_weather","anim_tc334_radiant_field_shard","3"
"TC335","Mind Crown","mind","bind","95","71","-5","0","status_or_switch_lock","anim_tc335_mind_bind_chain","6"
"TC336","Echo Pulse","echo","recovery","0","100","6","0","restore_vigor_or_cleanse","anim_tc336_echo_recovery_veil","9"
"TC337","Ember Fang","ember","strike","109","81","-3","0","damage_contact","anim_tc337_ember_strike_arc","12"
"TC338","Tide Bloom","tide","pulse","116","86","-2","0","damage_special","anim_tc338_tide_pulse_surge","15"
"TC339","Verdance Ward","verdance","guard","0","100","9","1","raise_guard_or_ward","anim_tc339_verdance_guard_spiral","18"
"TC340","Stone Lance","stone","field","0","100","10","-1","set_terrain_or_weather","anim_tc340_stone_field_burst","21"
"TC341","Gale Step","gale","bind","42","70","1","0","status_or_switch_lock","anim_tc341_gale_bind_rain","24"
"TC342","Spark Howl","spark","recovery","0","100","12","0","restore_vigor_or_cleanse","anim_tc342_spark_recovery_lash","27"
"TC343","Frost Guard","frost","strike","56","80","3","0","damage_contact","anim_tc343_frost_strike_ring","30"
"TC344","Metal Crash","metal","pulse","63","85","4","0","damage_special","anim_tc344_metal_pulse_wave","33"
"TC345","Shade Thread","shade","guard","0","100","15","1","raise_guard_or_ward","anim_tc345_shade_guard_slash","36"
"TC346","Radiant Field","radiant","field","0","100","16","-1","set_terrain_or_weather","anim_tc346_radiant_field_flare","39"
"TC347","Mind Mark","mind","bind","84","100","-8","0","status_or_switch_lock","anim_tc347_mind_bind_quake","42"
"TC348","Echo Rush","echo","recovery","0","100","6","0","restore_vigor_or_cleanse","anim_tc348_echo_recovery_beam","45"
"TC349","Ember Song","ember","strike","98","79","-6","0","damage_contact","anim_tc349_ember_strike_ripple","48"
"TC350","Tide Blade","tide","pulse","105","84","-5","0","damage_special","anim_tc350_tide_pulse_shard","51"
"TC351","Verdance Nova","verdance","guard","0","100","9","1","raise_guard_or_ward","anim_tc351_verdance_guard_chain","54"
"TC352","Stone Rift","stone","field","0","100","10","-1","set_terrain_or_weather","anim_tc352_stone_field_veil","57"
"TC353","Gale Comet","gale","bind","31","99","-2","0","status_or_switch_lock","anim_tc353_gale_bind_arc","60"
"TC354","Spark Bind","spark","recovery","0","100","12","0","restore_vigor_or_cleanse","anim_tc354_spark_recovery_surge","63"
"TC355","Frost Mirror","frost","strike","45","78","0","0","damage_contact","anim_tc355_frost_strike_spiral","66"
"TC356","Metal Drift","metal","pulse","52","83","1","0","damage_special","anim_tc356_metal_pulse_burst","69"
"TC357","Shade Aegis","shade","guard","0","100","15","1","raise_guard_or_ward","anim_tc357_shade_guard_rain","72"
"TC358","Radiant Burst","radiant","field","0","100","16","-1","set_terrain_or_weather","anim_tc358_radiant_field_lash","75"
"TC359","Mind Orbit","mind","bind","73","98","4","0","status_or_switch_lock","anim_tc359_mind_bind_ring","78"
"TC360","Echo Needle","echo","recovery","0","100","6","0","restore_vigor_or_cleanse","anim_tc360_echo_recovery_wave","81"
"TC361","Ember Snap","ember","strike","87","77","-9","0","damage_contact","anim_tc361_ember_strike_slash","84"
"TC362","Tide Surge","tide","pulse","94","82","-8","0","damage_special","anim_tc362_tide_pulse_flare","87"
"TC363","Verdance Veil","verdance","guard","0","100","9","1","raise_guard_or_ward","anim_tc363_verdance_guard_quake","90"
"TC364","Stone Spiral","stone","field","0","100","10","-1","set_terrain_or_weather","anim_tc364_stone_field_beam","93"
"TC365","Gale Crown","gale","bind","115","97","-5","0","status_or_switch_lock","anim_tc365_gale_bind_ripple","96"
"TC366","Spark Pulse","spark","recovery","0","100","12","0","restore_vigor_or_cleanse","anim_tc366_spark_recovery_shard","99"
"TC367","Frost Fang","frost","strike","34","76","-3","0","damage_contact","anim_tc367_frost_strike_chain","2"
"TC368","Metal Bloom","metal","pulse","41","81","-2","0","damage_special","anim_tc368_metal_pulse_veil","5"
"TC369","Shade Ward","shade","guard","0","100","15","1","raise_guard_or_ward","anim_tc369_shade_guard_arc","8"
"TC370","Radiant Lance","radiant","field","0","100","16","-1","set_terrain_or_weather","anim_tc370_radiant_field_surge","11"
"TC371","Mind Step","mind","bind","62","96","1","0","status_or_switch_lock","anim_tc371_mind_bind_spiral","14"
"TC372","Echo Howl","echo","recovery","0","100","6","0","restore_vigor_or_cleanse","anim_tc372_echo_recovery_burst","17"
"TC373","Ember Guard","ember","strike","76","75","3","0","damage_contact","anim_tc373_ember_strike_rain","20"
"TC374","Tide Crash","tide","pulse","83","80","4","0","damage_special","anim_tc374_tide_pulse_lash","23"
"TC375","Verdance Thread","verdance","guard","0","100","9","1","raise_guard_or_ward","anim_tc375_verdance_guard_ring","26"
"TC376","Stone Field","stone","field","0","100","10","-1","set_terrain_or_weather","anim_tc376_stone_field_wave","29"
"TC377","Gale Mark","gale","bind","104","95","-8","0","status_or_switch_lock","anim_tc377_gale_bind_slash","32"
"TC378","Spark Rush","spark","recovery","0","100","12","0","restore_vigor_or_cleanse","anim_tc378_spark_recovery_flare","35"
"TC379","Frost Song","frost","strike","118","74","-6","0","damage_contact","anim_tc379_frost_strike_quake","38"
"TC380","Metal Blade","metal","pulse","30","79","-5","0","damage_special","anim_tc380_metal_pulse_beam","41"
"TC381","Shade Nova","shade","guard","0","100","15","1","raise_guard_or_ward","anim_tc381_shade_guard_ripple","44"
"TC382","Radiant Rift","radiant","field","0","100","16","-1","set_terrain_or_weather","anim_tc382_radiant_field_shard","47"
"TC383","Mind Comet","mind","bind","51","94","-2","0","status_or_switch_lock","anim_tc383_mind_bind_chain","50"
"TC384","Echo Bind","echo","recovery","0","100","6","0","restore_vigor_or_cleanse","anim_tc384_echo_recovery_veil","53"
"TC385","Ember Mirror","ember","strike","65","73","0","0","damage_contact","anim_tc385_ember_strike_arc","56"
"TC386","Tide Drift","tide","pulse","72","78","1","0","damage_special","anim_tc386_tide_pulse_surge","59"
"TC387","Verdance Aegis","verdance","guard","0","100","9","1","raise_guard_or_ward","anim_tc387_verdance_guard_spiral","62"
"TC388","Stone Burst","stone","field","0","100","10","-1","set_terrain_or_weather","anim_tc388_stone_field_burst","65"
"TC389","Gale Orbit","gale","bind","93","93","4","0","status_or_switch_lock","anim_tc389_gale_bind_rain","68"
"TC390","Spark Needle","spark","recovery","0","100","12","0","restore_vigor_or_cleanse","anim_tc390_spark_recovery_lash","71"
"TC391","Frost Snap","frost","strike","107","72","-9","0","damage_contact","anim_tc391_frost_strike_ring","74"
"TC392","Metal Surge","metal","pulse","114","77","-8","0","damage_special","anim_tc392_metal_pulse_wave","77"
"TC393","Shade Veil","shade","guard","0","100","15","1","raise_guard_or_ward","anim_tc393_shade_guard_slash","80"
"TC394","Radiant Spiral","radiant","field","0","100","16","-1","set_terrain_or_weather","anim_tc394_radiant_field_flare","83"
"TC395","Mind Crown","mind","bind","40","92","-5","0","status_or_switch_lock","anim_tc395_mind_bind_quake","86"
"TC396","Echo Pulse","echo","recovery","0","100","6","0","restore_vigor_or_cleanse","anim_tc396_echo_recovery_beam","89"
"TC397","Ember Fang","ember","strike","54","71","-3","0","damage_contact","anim_tc397_ember_strike_ripple","92"
"TC398","Tide Bloom","tide","pulse","61","76","-2","0","damage_special","anim_tc398_tide_pulse_shard","95"
"TC399","Verdance Ward","verdance","guard","0","100","9","1","raise_guard_or_ward","anim_tc399_verdance_guard_chain","98"
"TC400","Stone Lance","stone","field","0","100","10","-1","set_terrain_or_weather","anim_tc400_stone_field_veil","1"
"TC401","Gale Step","gale","bind","82","91","1","0","status_or_switch_lock","anim_tc401_gale_bind_arc","4"
"TC402","Spark Howl","spark","recovery","0","100","12","0","restore_vigor_or_cleanse","anim_tc402_spark_recovery_surge","7"
"TC403","Frost Guard","frost","strike","96","70","3","0","damage_contact","anim_tc403_frost_strike_spiral","10"
"TC404","Metal Crash","metal","pulse","103","75","4","0","damage_special","anim_tc404_metal_pulse_burst","13"
"TC405","Shade Thread","shade","guard","0","100","15","1","raise_guard_or_ward","anim_tc405_shade_guard_rain","16"
"TC406","Radiant Field","radiant","field","0","100","16","-1","set_terrain_or_weather","anim_tc406_radiant_field_lash","19"
"TC407","Mind Mark","mind","bind","124","90","-8","0","status_or_switch_lock","anim_tc407_mind_bind_ring","22"
"TC408","Echo Rush","echo","recovery","0","100","6","0","restore_vigor_or_cleanse","anim_tc408_echo_recovery_wave","25"
"TC409","Ember Song","ember","strike","43","100","-6","0","damage_contact","anim_tc409_ember_strike_slash","28"
"TC410","Tide Blade","tide","pulse","50","74","-5","0","damage_special","anim_tc410_tide_pulse_flare","31"
"TC411","Verdance Nova","verdance","guard","0","100","9","1","raise_guard_or_ward","anim_tc411_verdance_guard_quake","34"
"TC412","Stone Rift","stone","field","0","100","10","-1","set_terrain_or_weather","anim_tc412_stone_field_beam","37"
"TC413","Gale Comet","gale","bind","71","89","-2","0","status_or_switch_lock","anim_tc413_gale_bind_ripple","40"
"TC414","Spark Bind","spark","recovery","0","100","12","0","restore_vigor_or_cleanse","anim_tc414_spark_recovery_shard","43"
"TC415","Frost Mirror","frost","strike","85","99","0","0","damage_contact","anim_tc415_frost_strike_chain","46"
"TC416","Metal Drift","metal","pulse","92","73","1","0","damage_special","anim_tc416_metal_pulse_veil","49"
"TC417","Shade Aegis","shade","guard","0","100","15","1","raise_guard_or_ward","anim_tc417_shade_guard_arc","52"
"TC418","Radiant Burst","radiant","field","0","100","16","-1","set_terrain_or_weather","anim_tc418_radiant_field_surge","55"
"TC419","Mind Orbit","mind","bind","113","88","4","0","status_or_switch_lock","anim_tc419_mind_bind_spiral","58"
"TC420","Echo Needle","echo","recovery","0","100","6","0","restore_vigor_or_cleanse","anim_tc420_echo_recovery_burst","61"
"TC421","Ember Snap","ember","strike","32","98","-9","0","damage_contact","anim_tc421_ember_strike_rain","64"
"TC422","Tide Surge","tide","pulse","39","72","-8","0","damage_special","anim_tc422_tide_pulse_lash","67"
"TC423","Verdance Veil","verdance","guard","0","100","9","1","raise_guard_or_ward","anim_tc423_verdance_guard_ring","70"
"TC424","Stone Spiral","stone","field","0","100","10","-1","set_terrain_or_weather","anim_tc424_stone_field_wave","73"
"TC425","Gale Crown","gale","bind","60","87","-5","0","status_or_switch_lock","anim_tc425_gale_bind_slash","76"
"TC426","Spark Pulse","spark","recovery","0","100","12","0","restore_vigor_or_cleanse","anim_tc426_spark_recovery_flare","79"
"TC427","Frost Fang","frost","strike","74","97","-3","0","damage_contact","anim_tc427_frost_strike_quake","82"
"TC428","Metal Bloom","metal","pulse","81","71","-2","0","damage_special","anim_tc428_metal_pulse_beam","85"
"TC429","Shade Ward","shade","guard","0","100","15","1","raise_guard_or_ward","anim_tc429_shade_guard_ripple","88"
"TC430","Radiant Lance","radiant","field","0","100","16","-1","set_terrain_or_weather","anim_tc430_radiant_field_shard","91"
"TC431","Mind Step","mind","bind","102","86","1","0","status_or_switch_lock","anim_tc431_mind_bind_chain","94"
"TC432","Echo Howl","echo","recovery","0","100","6","0","restore_vigor_or_cleanse","anim_tc432_echo_recovery_veil","97"
"TC433","Ember Guard","ember","strike","116","96","3","0","damage_contact","anim_tc433_ember_strike_arc","100"
"TC434","Tide Crash","tide","pulse","123","70","4","0","damage_special","anim_tc434_tide_pulse_surge","3"
"TC435","Verdance Thread","verdance","guard","0","100","9","1","raise_guard_or_ward","anim_tc435_verdance_guard_spiral","6"
"TC436","Stone Field","stone","field","0","100","10","-1","set_terrain_or_weather","anim_tc436_stone_field_burst","9"
"TC437","Gale Mark","gale","bind","49","85","-8","0","status_or_switch_lock","anim_tc437_gale_bind_rain","12"
"TC438","Spark Rush","spark","recovery","0","100","12","0","restore_vigor_or_cleanse","anim_tc438_spark_recovery_lash","15"
"TC439","Frost Song","frost","strike","63","95","-6","0","damage_contact","anim_tc439_frost_strike_ring","18"
"TC440","Metal Blade","metal","pulse","70","100","-5","0","damage_special","anim_tc440_metal_pulse_wave","21"
"TC441","Shade Nova","shade","guard","0","100","15","1","raise_guard_or_ward","anim_tc441_shade_guard_slash","24"
"TC442","Radiant Rift","radiant","field","0","100","16","-1","set_terrain_or_weather","anim_tc442_radiant_field_flare","27"
"TC443","Mind Comet","mind","bind","91","84","-2","0","status_or_switch_lock","anim_tc443_mind_bind_quake","30"
"TC444","Echo Bind","echo","recovery","0","100","6","0","restore_vigor_or_cleanse","anim_tc444_echo_recovery_beam","33"
"TC445","Ember Mirror","ember","strike","105","94","0","0","damage_contact","anim_tc445_ember_strike_ripple","36"
"TC446","Tide Drift","tide","pulse","112","99","1","0","damage_special","anim_tc446_tide_pulse_shard","39"
"TC447","Verdance Aegis","verdance","guard","0","100","9","1","raise_guard_or_ward","anim_tc447_verdance_guard_chain","42"
"TC448","Stone Burst","stone","field","0","100","10","-1","set_terrain_or_weather","anim_tc448_stone_field_veil","45"
"TC449","Gale Orbit","gale","bind","38","83","4","0","status_or_switch_lock","anim_tc449_gale_bind_arc","48"
"TC450","Spark Needle","spark","recovery","0","100","12","0","restore_vigor_or_cleanse","anim_tc450_spark_recovery_surge","51"
